ROWNUM;CommonName;FullName;ShortName;AdmArea;District;Address;ChiefName;ChiefPosition;PublicPhone;Fax;Email;WorkingHours;ClarificationOfWorkingHours;WebSite;OKPO;INN;MainHallCapacity;AdditionalHallCapacity;X_WGS;Y_WGS;GLOBALID;
1;"Уголок дедушки Дурова";"Государственное бюджетное учреждение культуры города Москвы «Театр «Уголок дедушки Дурова»";"ГБУК г. Москвы «Театр «Уголок дедушки Дурова»";"Центральный административный округ";"Мещанский район";"улица Дурова, дом 4";"Дуров Юрий Юрьевич";"директор";"(495) 681-98-12; (495) 631-27-85";"(495) 631-27-85";"secr@uddmos.ru";"понедельник 11:00-22:00; вторник 11:00-22:00; среда 11:00-22:00; четверг 11:00-22:00; пятница 11:00-22:00; суббота 11:00-22:00; воскресенье 11:00-22:00";"";"ugolokdurova.ru";"2182867";"7702061293";"300";"148";"37.621182";"55.779388";"87036489";
2;"Театрально-культурный центр Славы Полунина";"Государственное бюджетное учреждение культуры города Москвы «Международный театрально-культурный центр Славы Полунина»";"ГБУК г. Москвы «МТКЦ Славы Полунина»";"Центральный административный округ";"Пресненский район";"Леонтьевский переулок, дом 21/1";"Стрекалов Дмитрий Ардальонович";"директор";"(495) 609-00-21; (495) 768-21-26; (495) 694-38-68";"(495) 694-38-68";"nskom@sias.ru; 130758@mail.ru";"понедельник 11:00-22:00; вторник 11:00-22:00; среда 11:00-22:00; четверг 11:00-22:00; пятница 11:00-22:00; суббота 11:00-22:00; воскресенье 11:00-22:00";"";"";"58711131";"7703351189";"";"";"37.605902";"55.761256";"87036490";
3;"Театр «Содружество актеров Таганки»";"Государственное бюджетное учреждение культуры города Москвы «Театр «Содружество актеров Таганки»";"ГБУК г. Москвы «Театр «Содружество актеров Таганки»";"Центральный административный округ";"Таганский район";"улица Земляной Вал, дом 76/21, строение 1";"Альшевская Наталья Николаевна";"директор";"(495) 915-11-55; (495) 915-11-28; (495) 915-12-12";"(495) 915-11-28";"info@taganka-sat.ru";"понедельник 11:00-22:00; вторник 11:00-22:00; среда 11:00-22:00; четверг 11:00-22:00; пятница 11:00-22:00; суббота 11:00-22:00; воскресенье 11:00-22:00";"";"taganka-sat.ru";"27994537";"7709811763";"725";"67";"37.653913";"55.743253";"87036492";
4;"Театр музыки и поэзии под руководством Камбуровой";"Государственное бюджетное учреждение культуры города Москвы «Театр музыки и поэзии под руководством Е. Камбуровой»";"ГБУК г. Москвы «Театр музыки и поэзии п/р Е. Камбуровой»";"Центральный административный округ";"Мещанский район";"Большая Пироговская улица, дом 53/55";"Камбурова Елена Антоновна";"директор";"(499) 246-81-75; (499) 246-82-06; (499) 246-80-06";"(499) 246-81-75";"ad-kamburova@theatre.ru";"понедельник 11:00-22:00; вторник 11:00-22:00; среда 11:00-22:00; четверг 11:00-22:00; пятница 11:00-22:00; суббота 11:00-22:00; воскресенье 11:00-22:00";"";"kamburova.theatre.ru";"51148919";"7702078561";"60";"50";"37.561544";"55.72693";"87036493";
5;"Театр имени Рубена Симонова";"Государственное бюджетное учреждение культуры города Москвы «Московский драматический театр имени Рубена Симонова»";"ГБУК г. Москвы «МДТ им. Рубена Симонова»";"Центральный административный округ";"район Арбат";"Калошин переулок, дом10, строение 2";"Долгоруков Юрий Владимирович";"директор";"(499) 248-26-80; (499) 248-20-61";"(499) 248-20-61";"mdtrubensimonov@yandex.ru; buhsim@mail.ru; trsgi@yandex.ru";"понедельник 11:00-22:00; вторник 11:00-22:00; среда 11:00-22:00; четверг 11:00-22:00; пятница 11:00-22:00; суббота 11:00-22:00; воскресенье 11:00-22:00";"";"teatr-simonova.ru";"43265619";"7704106920";"142";"";"37.592821";"55.749058";"87036494";
6;"Театр «Варьете»";"Государственное бюджетное учреждение культуры города Москвы «Московский театр «Варьете»";"ГБУК г. Москвы «Московский театр «Варьете»";"Центральный административный округ";"Мещанский район";"проспект Мира, дом 76, строение 2";"Черенков Александр Николаевич";"директор";"(495) 681-63-57";"(495) 681-63-57";"variete@list.ru";"понедельник 11:00-22:00; вторник 11:00-22:00; среда 11:00-22:00; четверг 11:00-22:00; пятница 11:00-22:00; суббота 11:00-22:00; воскресенье 11:00-22:00";"";"theatre-variete.com";"45191546";"7708094760";"";"";"37.635474";"55.791044";"87036495";
7;"Мюзик-холл";"Государственное бюджетное учреждение культуры города Москвы «Московский мюзик-холл»";"ГБУК г. Москвы «Московский мюзик-холл»";"Центральный административный округ";"Красносельский район";"Каланчёвская улица, дом 33/12, строение 2";"Равинский Платон Геннадьевич";"директор";"(495) 680-48-66; (495) 680-48-55";"(495) 680-48-65";"ravinski@mail.ru";"понедельник 11:00-22:00; вторник 11:00-22:00; среда 11:00-22:00; четверг 11:00-22:00; пятница 11:00-22:00; суббота 11:00-22:00; воскресенье 11:00-22:00";"";"music-hall.ru";"18144372";"7710034141";"540";"";"37.648809";"55.776088";"87036496";
8;"Театр Эстрады";"Государственное бюджетное учреждение культуры города Москвы «Московский государственный театр «Эстрады»";"ГБУК г. Москвы «Московский государственный театр «Эстрады»";"Центральный административный округ";"район Якиманка";"Берсеневская набережная, дом 20/2";"Хазанов Геннадий Викторович";"директор";"(495) 959-05-93; (495) 959-03-66; (495) 959-03-55; (495) 959-03-41; (495) 959-09-37";"(495) 959-09-37";"estrada2012buh@yandex.ru";"понедельник 11:00-22:00; вторник 11:00-22:00; среда 11:00-22:00; четверг 11:00-22:00; пятница 11:00-22:00; суббота 11:00-22:00; воскресенье 11:00-22:00";"";"teatr.teatr-estrada.ru";"2190163";"7706089941";"1312";"";"37.61034";"55.744338";"87036497";
9;"Театр фольклора «Русская песня»";"Государственное бюджетное учреждение культуры города Москвы «Московский государственный музыкальный театр фольклора «Русская песня»";"ГБУК г. Москвы «МГМТФ «Русская песня»";"Центральный административный округ";"Басманный район";"Садовая-Черногрязская улица, дом 5/9, строение 2";"Бабкина Надежда Георгиевна";"директор";"(499) 975-36-89; (499) 975-54-09; (499) 975-68-89";"(495) 964-46-43; (499) 975-68-89";"teatr-ruspesnia@mail.ru";"понедельник 11:00-22:00; вторник 11:00-22:00; среда 11:00-22:00; четверг 11:00-22:00; пятница 11:00-22:00; суббота 11:00-22:00; воскресенье 11:00-22:00";"";"babkina.ru";"5216288";"7714039052";"150";"";"37.653893";"55.766817";"87036498";
10;"Театр имени Маяковского";"Государственное бюджетное учреждение культуры города Москвы «Московский академический театр имени Вл. Маяковского»";"ГБУК г. Москвы «Московский академический театр им. Вл. Маяковского»";"Центральный административный округ";"Пресненский район";"Большая Никитская улица, дом 19/13";"Ошарин Леонид Вячеславович";"директор";"(495) 690-33-82; (495) 690-27-25; (495) 690-53-71";"(495) 690-27-25";"teatr@maykovsky.ru";"понедельник 11:00-22:00; вторник 11:00-22:00; среда 11:00-22:00; четверг 11:00-22:00; пятница 11:00-22:00; суббота 11:00-22:00; воскресенье 11:00-22:00";"";"mayakovsky.ru";"2190186";"7703025812";"887";"508";"37.774397";"55.800584";"87036499";
11;"Театр на Покровке";"Государственное бюджетное учреждение культуры города Москвы «Театр на Покровке»";"ГБУК г. Москвы «Театр на Покровке»";"Центральный административный округ";"Басманный район";"улица Покровка, дом 50/2, строение 1";"Пепеляева Ольга Юрьевна";"директор";"(499) 261-95-15; (499) 261-07-54";"(499) 267-90-03";"contact@napokrovke.ru";"понедельник 11:00-22:00; вторник 11:00-22:00; среда 11:00-22:00; четверг 11:00-22:00; пятница 11:00-22:00; суббота 11:00-22:00; воскресенье 11:00-22:00";"";"napokrovke.ru";"2190453";"7701045549";"68";"";"37.655462";"55.763573";"87036500";
12;"Театр «Эрмитаж»";"Государственное бюджетное учреждение культуры города Москвы «Московский театр «Эрмитаж»";"ГБУК г. Москвы «Московский театр «Эрмитаж»";"Центральный административный округ";"Тверской район";"улица Каретный ряд, дом 3, строение 1";"Левитин Михаил Захарович";"директор";"(495) 650-22-58";"(495) 650-22-58";"6502258@inbox.ru; yrmitag@yandex.ru";"понедельник 11:00-22:00; вторник 11:00-22:00; среда 11:00-22:00; четверг 11:00-22:00; пятница 11:00-22:00; суббота 11:00-22:00; воскресенье 11:00-22:00";"";"ermitazh.theatre.ru";"2189993";"7707085202";"295";"84";"37.6093";"55.770787";"87036501";
13;"Дирекция проекта «Открытая сцена»";"Государственное бюджетное учреждение культуры города Москвы «Дирекция проекта «Открытая сцена»";"ГБУК г. Москвы «Дирекция проекта «Открытая сцена»";"Центральный административный округ";"район Арбат";"Поварская улица, дом 20";"Порватов Андрей Евгеньевич";"директор";"(495) 691-44-43; (495) 697-31-74; (495) 691-41-15";"(495) 697-31-74; (495) 691-41-15";"info@o-stage.ru";"понедельник 11:00-22:00; вторник 11:00-22:00; среда 11:00-22:00; четверг 11:00-22:00; пятница 11:00-22:00; суббота 11:00-22:00; воскресенье 11:00-22:00";"";"o-stage.ru";"97291139";"7704617699";"66";"48";"37.595298";"55.754526";"87036502";
14;"Театр имени Ермоловой";"Государственное бюджетное учреждение культуры города Москвы «Московский драматический театр имени М. Н. Ермоловой»";"ГБУК г. Москвы «МДТ им. М. Н. Ермоловой»";"Центральный административный округ";"Тверской район";"Тверская улица, дом 5/6";"Гурвич Марк Абрамович";"директор";"(495) 629-06-79";"(495) 629-06-79";"info-ermolova@mail.ru; ruteatr_ermolovoj@mail.ru";"понедельник 11:00-22:00; вторник 11:00-22:00; среда 11:00-22:00; четверг 11:00-22:00; пятница 11:00-22:00; суббота 11:00-22:00; воскресенье 11:00-22:00";"";"ermolova.theatre.ru";"2190080";"7710143327";"673";"77";"37.612075";"55.757684";"87036503";
15;"Театр «Около дома Станиславского»";"Государственное бюджетное учреждение культуры города Москвы «Московский театр Около дома Станиславского»";"ГБУК г. Москвы «Московский театр Около дома Станиславского»";"Центральный административный округ";"Пресненский район";"Вознесенский переулок, дом 9A";"Заславский Константин Яковлевич";"директор";"(495) 695-39-85";"(495) 695-37-21";"2411576@mail.ru";"понедельник 11:00-22:00; вторник 11:00-22:00; среда 11:00-22:00; четверг 11:00-22:00; пятница 11:00-22:00; суббота 11:00-22:00; воскресенье 11:00-22:00";"";"";"11348674";"7703068710";"66";"";"37.603882";"55.758535";"87036504";
16;"Театр сатиры";"Государственное бюджетное учреждение культуры города Москвы «Московский академический театр сатиры»";"ГБУК г. Москвы «Московский академический театр сатиры»";"Центральный административный округ";"Тверской район";"Триумфальная площадь, дом 2, строение 1";"Агаев Мамед Гусейнович";"директор";"(495) 699-64-93; (495) 699-47-54";"(495) 911-84-60";"cbs7cao@mail.ru";"понедельник 10:00-20:00; вторник 10:00-20:00; среда 10:00-20:00; четверг 10:00-20:00; пятница 10:00-20:00; суббота 10:00-20:00; воскресенье 10:00-20:00";"Указан режим работы касс. Ежедневно перерыв с 15.00 до 16.00.";"satire.ru";"32485200";"7709034517";"1206";"150";"37.671396";"55.735301";"87036484";
17;"Театр оперетты";"Государственное бюджетное учреждение культуры города Москвы «Московский государственный академический театр оперетты»";"ГБУК г. Москвы «Московский государственный академический театр оперетты»";"Центральный административный округ";"Тверской район";"улица Гончарова, дом 13";"Тартаковский Владимир Израилевич";"директор";"(495) 692-08-51; (495) 692-52-08";"(495) 692-88-96";"operettabuh@mail.ru";"понедельник 11:00-22:00; вторник 11:00-22:00; среда 11:00-22:00; четверг 11:00-22:00; пятница 11:00-22:00; суббота 11:00-22:00; воскресенье 11:00-22:00";"";"mosoperetta.ru";"2190097";"7707086767";"1431";"";"37.586256";"55.815698";"87036510";
18;"Музыкальный театр юного актера";"Государственное бюджетное учреждение культуры города Москвы «Детский музыкальный театр юного актера»";"ГБУК г. Москвы «Детский музыкальный театр юного актера»";"Центральный административный округ";"Тверской район";"улица Малая Дмитровка, дом 8, строение 4";"Федоров Александр Львович";"директор";"(495) 699-71-26";"(495) 699-71-26";"ta-ko-ma@yandex.ru";"понедельник 11:00-22:00; вторник 11:00-22:00; среда 11:00-22:00; четверг 11:00-22:00; пятница 11:00-22:00; суббота 11:00-22:00; воскресенье 11:00-22:00";"";"";"45324875";"7707120908";"88";"";"37.607129";"55.768159";"87036539";
19;"Театр «АпАРТе»";"Государственное бюджетное учреждение культуры города Москвы «Московский драматический театр «АпАРТе»";"ГБУК г. Москвы «МДТ «АпАРТе»";"Центральный административный округ";"Пресненский район";"Тверской бульвар, дом 8, строение 1";"Сигорских Иван Афанасьевич";"директор";"(495) 695-78-76; (495) 691-59-08";"(495) 691-59-08";"aparte@mail.ru";"понедельник 11:00-22:00; вторник 11:00-22:00; среда 11:00-22:00; четверг 11:00-22:00; пятница 11:00-22:00; суббота 11:00-22:00; воскресенье 11:00-22:00";"";"aparte.ru";"35257209";"7703051763";"27";"100";"37.600447";"55.758683";"87036481";
20;"Театр Моссовета";"Государственное бюджетное учреждение культуры города Москвы «Государственный академический театр имени Моссовета»";"ГБУК г. Москвы «Театр им. Моссовета»";"Центральный административный округ";"Пресненский район";"Большая Садовая улица, дом 16";"Панфилова Валентина Тихоновна";"директор";"(495) 699-27-66; (495) 699-64-21";"(495) 699-27-66";"info@mossoveta.ru";"понедельник 11:00-22:00; вторник 11:00-22:00; среда 11:00-22:00; четверг 11:00-22:00; пятница 11:00-22:00; суббота 11:00-22:00; воскресенье 11:00-22:00";"";"mossoveta.ru";"2190200";"7710040730";"1084";"120";"37.59746";"55.768333";"87036482";
21;"Театр на Малой Бронной";"Государственное бюджетное учреждение культуры города Москвы «Московский драматический театр на Малой Бронной»";"ГБУК г. Москвы «МДТ на Малой Бронной»";"Центральный административный округ";"Пресненский район";"Малая Бронная улица, дом 4, строение 2";"Чернышев Константин Витальевич";"директор";"(495) 690-19-48; (495) 690-57-67";"(495) 690-57-67";"mbronnaya@theatre.ru";"понедельник 11:00-22:00; вторник 11:00-22:00; среда 11:00-22:00; четверг 11:00-22:00; пятница 11:00-22:00; суббота 11:00-22:00; воскресенье 11:00-22:00";"";"mbronnaya.ru";"2190140";"7703001970";"607";"";"37.597769";"55.759359";"87036483";
22;"Театр «Современник»";"Государственное бюджетное учреждение культуры города Москвы «Московский театр «Современник»";"ГБУК г. Москвы «Московский театр «Современник»";"Центральный административный округ";"Басманный район";"Чистопрудный бульвар, дом 19, строение 1";"Бакулев Владимир Всеволодович";"директор";"(495) 621-25-43; (495) 621-66-29";"(495) 625-52-20";"nadezhdina@sovremennik.ru";"понедельник 11:00-22:00; вторник 11:00-22:00; среда 11:00-22:00; четверг 11:00-22:00; пятница 11:00-22:00; суббота 11:00-22:00; воскресенье 11:00-22:00";"";"sovremennik.ru";"2190128";"7701046341";"776";"137";"37.646161";"55.761877";"87036485";
23;"Театр юного зрителя";"Государственное бюджетное учреждение культуры города Москвы «Московский театр юного зрителя»";"ГБУК г. Москвы «Московский театр юного зрителя»";"Центральный административный округ";"Тверской район";"Мамоновский переулок, дом 8, строение 3";"Литвак Марк Дмитриевич";"директор";"(495) 699-87-06; (495) 699-26-05; (495) 699-99-17";"(495) 699-26-05";"mtyz@mail.ru";"понедельник 11:00-22:00; вторник 11:00-22:00; среда 11:00-22:00; четверг 11:00-22:00; пятница 11:00-22:00; суббота 11:00-22:00; воскресенье 11:00-22:00";"";"moscowtyz.ru";"2190001";"7710130279";"593";"100";"37.599566";"55.766055";"87036486";
24;"Театр кукол";"Государственное бюджетное учреждение культуры города Москвы «Московский театр кукол»";"ГБУК г. Москвы «Московский театр кукол»";"Центральный административный округ";"Басманный район";"Спартаковская улица, дом 26/30";"Папиш Григорий Леонидович";"директор";"(499) 261-94-24; (499) 261-34-42";"(499) 261-34-42";"teatrkukol@list.ru";"понедельник 11:00-22:00; вторник 11:00-22:00; среда 11:00-22:00; четверг 11:00-22:00; пятница 11:00-22:00; суббота 11:00-22:00; воскресенье 11:00-22:00";"";"teatrkukol.ru";"2190016";"7701109200";"243";"81";"37.677666";"55.772683";"87036487";
25;"Театр «Сфера»";"Государственное бюджетное учреждение культуры города Москвы «Московский драматический театр «Сфера»";"ГБУК г. Москвы «МДТ «Сфера»";"Центральный административный округ";"Тверской район";"улица Каретный Ряд, дом 3, строение 6";"Тарасова Ирина Ольгердовна";"директор";"(495) 699-02-93; (495) 699-81-12";"(495) 699-96-27; (495) 699-81-12";"sfera-teatr@mail.ru";"понедельник 11:00-22:00; вторник 11:00-22:00; среда 11:00-22:00; четверг 11:00-22:00; пятница 11:00-22:00; суббота 11:00-22:00; воскресенье 11:00-22:00";"";"spheratheatre.ru";"2701184";"7707085481";"142";"70";"37.6093";"55.770787";"87036488";
26;"Театр «Новая Опера» имени Колобова";"Государственное бюджетное учреждение культуры города Москвы «Московский театр «Новая Опера» имени Е. В. Колобова»";"ГБУК г. Москвы «Московский театр «Новая Опера» им. Е. В. Колобова»";"Центральный административный округ";"район Арбат";"улица Каретный Ряд, дом 3, строение 2";"Лысенко Сергей Александрович";"директор";"(495) 694-22-55; (495) 694-11-09";"(495) 694-11-09";"info@novayaopera.ru";"понедельник 11:00-22:00; вторник 11:00-22:00; среда 11:00-22:00; четверг 11:00-22:00; пятница 11:00-22:00; суббота 11:00-22:00; воскресенье 11:00-22:00";"";"novayaopera.ru";"8105805";"7704249283";"660";"";"37.609051";"55.771602";"87036511";
27;"Театр «Геликон-опера Дмитрия Бертмана»";"Государственное бюджетное учреждение культуры города Москвы «Московский музыкальный театр «Геликон-опера под руководством Дмитрия Бертмана»";"ГБУК г. Москвы «ММТ «Геликон-опера»";"Центральный административный округ";"Пресненский район";"улица Новый Арбат, дом 11, строение 2";"Павлова Виктория Викторовна";"директор";"(495) 690-36-32; (495) 690-09-71; (495) 691-85-70; (495) 691-51-30";"(495) 690-09-71";"plicik@mail.ru";"понедельник 11:00-22:00; вторник 11:00-22:00; среда 11:00-22:00; четверг 11:00-22:00; пятница 11:00-22:00; суббота 11:00-22:00; воскресенье 11:00-22:00";"";"helikon.ru";"41989856";"7703063504";"189";"36";"37.596483";"55.751788";"87036512";
28;"Театр для детей и юношества «На Басманной»";"Государственное бюджетное учреждение культуры города Москвы «Московский музыкальный театр для детей и юношества «На Басманной»";"ГБУК г. Москвы «Московский музыкальный театр «На Басманной»";"Центральный административный округ";"Басманный район";"1-й Басманный переулок, дом 12";"Архипов Юрий Александрович";"директор";"(495) 607-60-80; (495) 607-67-48; (495) 607-40-28";"(495) 607-67-48";"muzteatr@yandex.ru";"понедельник 11:00-22:00; вторник 11:00-22:00; среда 11:00-22:00; четверг 11:00-22:00; пятница 11:00-22:00; суббота 11:00-22:00; воскресенье 11:00-22:00";"";"mteatr.ru";"55281629";"7701258410";"";"";"37.66393";"55.771662";"87036513";
29;"Театр Стаса Намина";"Государственное бюджетное учреждение культуры города Москвы «Московский театр музыки и драмы под руководством Стаса Намина»";"ГБУК г. Москвы «Театр Стаса Намина»";"Центральный административный округ";"район Якиманка";"улица Крымский Вал, дом 9";"Микоян Анастас Алексеевич";"директор";"(495) 236-27-16; (499) 236-27-09; (495) 954-24-12";"(495) 954-24-12";"theatre@stasnamintheatre.ru";"понедельник 11:00-22:00; вторник 11:00-22:00; среда 11:00-22:00; четверг 11:00-22:00; пятница 11:00-22:00; суббота 11:00-22:00; воскресенье 11:00-22:00";"";"stasnamentheatre.ru";"33703774";"7723316672";"144";"";"37.604887";"55.731455";"87036514";
30;"Школа современной пьесы";"Государственное бюджетное учреждение культуры города Москвы «Московский театр «Школа современной пьесы»";"ГБУК г. Москвы «Московский театр «Школа современной пьесы»";"Центральный административный округ";"Тверской район";"Неглинная улица, дом 29/14";"Райхельгауз Иосиф Леонидович";"директор";"(495) 694-68-34; (495) 694-10-21; (495) 694-07-38; (495) 694-07-38";"(495) 694-10-21";"kamila@neglinka.ru";"понедельник 11:00-22:00; вторник 11:00-22:00; среда 11:00-22:00; четверг 11:00-22:00; пятница 11:00-22:00; суббота 11:00-22:00; воскресенье 11:00-22:00";"";"";"34595861";"7707064139";"350";"142";"37.620927";"55.766794";"87036520";
31;"Театр «У Никитских ворот»";"Государственное бюджетное учреждение культуры города Москвы «Московский театр «У Никитских ворот»";"ГБУК г. Москвы «Московский театр «У Никитских ворот»";"Центральный административный округ";"Пресненский район";"Большая Никитская улица, дом 23";"Ревзина Татьяна Иосифовна";"директор";"(495) 691-84-19; (495) 695-56-44; (495) 691-07-94; (495) 691-95-38";"(495) 691-84-19; (495) 691-95-38";"info2@teatr-unik.ru";"понедельник 11:00-22:00; вторник 11:00-22:00; среда 11:00-22:00; четверг 11:00-22:00; пятница 11:00-22:00; суббота 11:00-22:00; воскресенье 11:00-22:00";"";"teatrunikitskihvorot.ru";"3812974";"7703093185";"50";"";"37.599381";"55.757095";"87036521";
32;"Творческая мастерская А. Рыбникова";"Государственное бюджетное учреждение культуры города Москвы «Московская государственная творческая мастерская под руководством Алексея Рыбникова»";"ГБУК г. Москвы «МГТМ п/р А. Рыбникова»";"Центральный административный округ";"район Арбат";"Большой Ржевский переулок, дом 11";"Блинов Владимир Иванович";"директор";"(495) 690-40-16; (495) 690-38-55; (495) 690-40-23";"(495) 690-40-23";"mocmgtm@mail.ru";"понедельник 11:00-22:00; вторник 11:00-22:00; среда 11:00-22:00; четверг 11:00-22:00; пятница 11:00-22:00; суббота 11:00-22:00; воскресенье 11:00-22:00";"";"alexeyrybnikov.ru";"51023468";"7704198381";"";"";"37.591889";"55.754515";"87036522";
33;"Русский духовный театр «Глас»";"Государственное бюджетное учреждение культуры города Москвы «Русский духовный театр «Глас»";"ГБУК г. Москвы «Русский духовный театр «Глас»";"Центральный административный округ";"район Замоскворечье";"Пятницкая улица, дом 60";"Белевич Татьяна Георгиевна";"директор";"(495) 959-17-40";"(495) 959-17-40";"teatrglas@yandex.ru";"понедельник 11:00-22:00; вторник 11:00-22:00; среда 11:00-22:00; четверг 11:00-22:00; пятница 11:00-22:00; суббота 11:00-22:00; воскресенье 11:00-22:00";"";"theatreglas.ru";"28912688";"7702069567";"62";"";"37.627001";"55.733246";"87036523";
34;"Театр миниатюр";"Государственное бюджетное учреждение культуры города Москвы «Московский театр миниатюр»";"ГБУК г. Москвы «Московский театр миниатюр»";"Центральный административный округ";"Тверской район";"1-я Тверская-Ямская улица, дом 16";"Жванецкий Михаил Маньевич";"директор";"(499) 250-38-93; (499) 250-37-21; (499) 251-24-87";"(499) 251-24-87";"humorboss@mail.ru";"понедельник 11:00-22:00; вторник 11:00-22:00; среда 11:00-22:00; четверг 11:00-22:00; пятница 11:00-22:00; суббота 11:00-22:00; воскресенье 11:00-22:00";"";"";"4583582";"7710046309";"";"";"37.606691";"55.764568";"87036524";
35;"Детский театр марионеток";"Государственное бюджетное учреждение культуры города Москвы «Московский детский театр марионеток»";"ГБУК г. Москвы «Московский детский театр марионеток»";"Центральный административный округ";"Басманный район";"Малый Харитоньевский переулок, дом 7, строение 2";"Аладухов Андрей Владимирович";"директор";"(495) 624-29-65";"(495) 624-29-65";"marionetki@mail.ru";"понедельник 11:00-22:00; вторник 11:00-22:00; среда 11:00-22:00; четверг 11:00-22:00; пятница 11:00-22:00; суббота 11:00-22:00; воскресенье 11:00-22:00";"";"marionetki.ru";"18652683";"7701199901";"60";"";"37.645816";"55.765912";"87036541";
36;"Театр детской книги «Волшебная лампа»";"Государственное бюджетное учреждение культуры города Москвы «Московский театр детской книги «Волшебная лампа»";"ГБУК г. Москвы «Московский театр детской книги «Волшебная лампа»";"Центральный административный округ";"Красносельский район";"Сретенский бульвар, дом 9/2, строение 1";"Грибанова Марина Борисовна";"директор";"(495) 625-69-93; (495) 625-91-63";"(495) 625-89-45";"marina.gribanowa@yandex.ru";"понедельник 11:00-22:00; вторник 11:00-22:00; среда 11:00-22:00; четверг 11:00-22:00; пятница 11:00-22:00; суббота 11:00-22:00; воскресенье 11:00-22:00";"";"magiclamp.ru";"49881466";"7708107804";"80";"";"37.635004";"55.766753";"87036542";
37;"Театр художественной публицистики";"Государственное бюджетное учреждение культуры города Москвы «Московский драматический театр художественной публицистики»";"ГБУК г. Москвы «МДТ художественной публицистики»";"Центральный административный округ";"Красносельский район";"Русаковская улица, дом 8, строение 3";"Живейнова Елена Леонидовна";"директор";"(499) 264-60-31";"(499) 264-60-31";"teatr-thp@yandex.ru";"понедельник 11:00-22:00; вторник 11:00-22:00; среда 11:00-22:00; четверг 11:00-22:00; пятница 11:00-22:00; суббота 11:00-22:00; воскресенье 11:00-22:00";"";"teatrthp.ru";"59042347";"7704242545";"";"";"37.673993";"55.781987";"87036543";
38;"Детский сказочный театр";"Государственное бюджетное учреждение культуры города Москвы «Московский детский Сказочный театр»";"ГБУК г. Москвы «Московский детский Сказочный театр»";"Центральный административный округ";"Таганский район";"Большой Факельный переулок, дом 18, строение 3";"Миленина Ирина Петровна";"директор";"(495) 911-04-38; (495) 912-28-78";"(495) 912-75-54; (495) 912-28-78";"skaz.teatr@mail.ru";"понедельник 11:00-22:00; вторник 11:00-22:00; среда 11:00-22:00; четверг 11:00-22:00; пятница 11:00-22:00; суббота 11:00-22:00; воскресенье 11:00-22:00";"";"teatr-skazka.ru";"49886162";"7709264045";"100";"";"37.664448";"55.741323";"87036544";
39;"Детский театр эстрады";"Государственное бюджетное учреждение культуры города Москвы «Детский театр эстрады»";"ГБУК г. Москвы «Детский театр эстрады»";"Центральный административный округ";"Басманный район";"Бауманская улица, дом 32, строение 1";"Овсянников Валентин Валентинович";"директор";"(495) 632-16-22; (495) 632-18-44";"(495) 632-18-44";"mdte@mail.ru";"понедельник 11:00-22:00; вторник 11:00-22:00; среда 11:00-22:00; четверг 11:00-22:00; пятница 11:00-22:00; суббота 11:00-22:00; воскресенье 11:00-22:00";"";"vstudio.ru";"39549995";"7710042865";"220";"";"37.678218";"55.772585";"87036545";
40;"Театр «Модернъ»";"Государственное бюджетное учреждение культуры города Москвы «Московский драматический театр «Модернъ»";"ГБУК г. Москвы «МДТ «Модернъ»";"Центральный административный округ";"Басманный район";"Спартаковская площадь, дом 9/1А";"Врагова-Гюрджян Светлана Александровна";"директор";"(499) 267-73-86; (499) 267-93-78; (499) 267-71-87; (499) 267-46-01";"(499) 267-73-86; (499) 267-93-78";"teatrm@mail.ru";"понедельник 11:00-22:00; вторник 11:00-22:00; среда 11:00-22:00; четверг 11:00-22:00; пятница 11:00-22:00; суббота 11:00-22:00; воскресенье 11:00-22:00";"";"modern-theatre.ru";"3845465";"7701127897";"231";"178";"37.682179";"55.776789";"87036525";
41;"Театр «Вишневый сад» под руководством Вилькина";"Государственное бюджетное учреждение культуры города Москвы «Московский театральный центр «Вишневый сад» под руководством Александра Вилькина»";"ГБУК г. Москвы «МТЦ «Вишневый сад» п/р А. Вилькина»";"Центральный административный округ";"район Арбат";"улица Арбат, дом 35";"Вилькин Александр Михайлович";"директор";"(499) 248-11-62; (499) 795-91-92; (499) 248-43-73";"(499) 248-11-62";"gardencherry@mail.ru";"понедельник 11:00-22:00; вторник 11:00-22:00; среда 11:00-22:00; четверг 11:00-22:00; пятница 11:00-22:00; суббота 11:00-22:00; воскресенье 11:00-22:00";"";"vishnevii-sad.ru";"4583599";"7704132084";"240";"130";"37.591284";"55.749028";"87036526";
42;"Театр имени Гоголя";"Государственное бюджетное учреждение культуры города Москвы «Московский драматический театр имени Н. В. Гоголя»";"ГБУК г. Москвы «МДТ им. Н. В. Гоголя»";"Центральный административный округ";"Басманный район";"улица Казакова, дом 8А, строение 1";"Шлаустас Анатолий Венцасович";"директор";"(499) 261-40-21; (499) 261-64-10; (499) 261-70-46";"(499) 261-32-31";"actor-gogol@mail.ru";"понедельник 11:00-22:00; вторник 11:00-22:00; среда 11:00-22:00; четверг 11:00-22:00; пятница 11:00-22:00; суббота 11:00-22:00; воскресенье 11:00-22:00";"";"gogol-theatre.ru";"2190111";"7709018353";"376";"100";"37.661609";"55.761538";"87036527";
43;"Театрально-концертное объединение Градского";"Государственное бюджетное учреждение культуры города Москвы «Московское театрально-концертное музыкальное объединение под руководством А. Градского»";"ГБУК г. Москвы «МТКМО п/р А. Градского»";"Центральный административный округ";"Тверской район";"Петровский бульвар, дом 23";"Градский Александр Борисович";"директор";"(495) 629-74-61; (903) 661-39-30";"(495) 629-04-14";"mtkmo@inbox.ru";"понедельник 11:00-22:00; вторник 11:00-22:00; среда 11:00-22:00; четверг 11:00-22:00; пятница 11:00-22:00; суббота 11:00-22:00; воскресенье 11:00-22:00";"";"";"5118195";"7707105586";"";"";"37.620561";"55.767604";"87036528";
44;"Театр «Человек»";"Государственное бюджетное учреждение культуры города Москвы «Московский драматический театр «Человек»";"ГБУК г. Москвы «МДТ «Человек»";"Центральный административный округ";"Пресненский район";"Скатертный переулок, дом 23А";"Рошкован Людмила Романовна";"директор";"(495) 691-15-11; (495) 691-19-21";"(495) 691-19-21";"buh@chelovek-theatre.ru";"понедельник 11:00-22:00; вторник 11:00-22:00; среда 11:00-22:00; четверг 11:00-22:00; пятница 11:00-22:00; суббота 11:00-22:00; воскресенье 11:00-22:00";"";"chelovek-theatre.ru";"4537903";"7703127934";"80";"35";"37.591888";"55.75652";"87036529";
45;"Театр Станиславского";"Государственное бюджетное учреждение культуры города Москвы «Московский драматический театр имени К. С. Станиславского»";"ГБУК г. Москвы «МДТ им. К. С. Станиславского»";"Центральный административный округ";"Тверской район";"Тверская улица, дом 23";"Хвостов Борис Вячеславович";"директор";"(495) 699-44-36; (495) 699-39-75; (495) 699-36-36";"(495) 699-65-19; (495) 699-39-75";"2411576@mail.ru";"понедельник 11:00-22:00; вторник 11:00-22:00; среда 11:00-22:00; четверг 11:00-22:00; пятница 11:00-22:00; суббота 11:00-22:00; воскресенье 11:00-22:00";"";"teatr-stanislavsky.ru";"2190105";"7710009515";"456";"";"37.600065";"55.766626";"87036530";
46;"Театр Луны";"Государственное бюджетное учреждение культуры города Москвы «Московский театр «Театр Луны»";"ГБУК г. Москвы «Московский театр «Театр Луны»";"Центральный административный округ";"район Замоскворечье";"улица Малая Ордынка, дом 31, строение 1";"Проханов Сергей Борисович";"директор";"(495) 951-04-42; (495) 953-00-62";"(495) 953-00-62";"lunatheatre@yandex.ru";"понедельник 11:00-22:00; вторник 11:00-22:00; среда 11:00-22:00; четверг 11:00-22:00; пятница 11:00-22:00; суббота 11:00-22:00; воскресенье 11:00-22:00";"";"lunatheatre.ru";"11512513";"7710018171";"329";"100";"37.626175";"55.733621";"87036531";
47;"Театр «Сопричастность»";"Государственное бюджетное учреждение культуры города Москвы «Московский драматический театр «Сопричастность»";"ГБУК г. Москвы «МДТ «Сопричастность»";"Центральный административный округ";"Басманный район";"улица Радио, дом 2, строение 2";"Сиренко Игорь Михайлович";"директор";"(499) 265-33-68; (499) 632-11-28; (499) 263-07-41; (499) 263-07-42";"(499) 263-07-41";"teatr1990@yandex.ru";"понедельник 11:00-22:00; вторник 11:00-22:00; среда 11:00-22:00; четверг 11:00-22:00; пятница 11:00-22:00; суббота 11:00-22:00; воскресенье 11:00-22:00";"";"soprichastnost.ru";"17653663";"7709166249";"94";"";"37.672604";"55.763847";"87036532";
48;"Театр «На досках»";"Государственное бюджетное учреждение культуры города Москвы «Московский театр «На досках»";"ГБУК г. Москвы «Московский театр «На досках»";"Центральный административный округ";"Тверской район";"2-й Колобовский переулок, дом 9/2, строение 4";"Несмелова Наталья Михайловна";"директор";"(495) 691-54-72; (495) 691-53-65";"(495) 691-54-72";"nadoskah@ecc.ru";"понедельник 11:00-22:00; вторник 11:00-22:00; среда 11:00-22:00; четверг 11:00-22:00; пятница 11:00-22:00; суббота 11:00-22:00; воскресенье 11:00-22:00";"";"kurginyan.ru";"3812951";"7703014835";"148";"";"37.617225";"55.769641";"87036533";
49;"Театр «Каскадер»";"Государственное бюджетное учреждение культуры города Москвы «Московский театр спортивно-зрелищных представлений «Каскадер»";"ГБУК г. Москвы «МТСЗП «Каскадер»";"Центральный административный округ";"Пресненский район";"Малая Бронная улица, дом 12";"Бранопольский Григорий Александрович";"директор";"(495) 690-69-53";"(495) 690-69-53";"buhkaskader@gmail.com";"понедельник 11:00-22:00; вторник 11:00-22:00; среда 11:00-22:00; четверг 11:00-22:00; пятница 11:00-22:00; суббота 11:00-22:00; воскресенье 11:00-22:00";"";"";"2701190";"7703108434";"";"";"37.597437";"55.761403";"87036534";
50;"Театр русской драмы";"Государственное бюджетное учреждение культуры города Москвы «Московский театр русской драмы под руководством Михаила Щепенко»";"ГБУК г. Москвы «Московский театр русской драмы п/р М. Щепенко»";"Центральный административный округ";"Таганский район";"улица Земляной Вал, дом 64";"Баснина Тамара Сергеевна";"директор";"(495) 915-57-80; (495) 915-71-36; (495) 915-75-21";"(495) 915-71-36; (495) 915-75-21";"info@Kamsс.ru";"понедельник 11:00-22:00; вторник 11:00-22:00; среда 11:00-22:00; четверг 11:00-22:00; пятница 11:00-22:00; суббота 11:00-22:00; воскресенье 11:00-22:00";"";"rus-drama.ru";"3813028";"7709132909";"115";"";"37.654756";"55.746201";"87036535";
51;"Театрально-культурный центр имени Мейерхольда";"Государственное бюджетное учреждение культуры города Москвы «Театрально-культурный центр имени Всеволода Мейерхольда»";"ГБУК г. Москвы «ТКЦ им. Вс. Мейерхольда»";"Центральный административный округ";"Тверской район";"Новослободская улица, дом 23";"Флейшер Владимир Натанович";"директор";"(495) 363-10-46; (495) 363-10-41; (495) 363-10-44; (495) 363-10-84";"(495) 363-10-41";"meyerhold.403@gmail.com";"понедельник 11:00-22:00; вторник 11:00-22:00; среда 11:00-22:00; четверг 11:00-22:00; пятница 11:00-22:00; суббота 11:00-22:00; воскресенье 11:00-22:00";"";"meyerhold.ru";"51100329";"7707651088";"250";"40";"37.598007";"55.781418";"87036536";
52;"Театр А.Р.Т.О";"Государственное бюджетное учреждение культуры города Москвы «Московский театр А. Р. Т. О.»";"ГБУК г. Москвы «Московский театр А. Р. Т. О.»";"Центральный административный округ";"Красносельский район";"Сретенский бульвар, дом 6/1, строение 2";"Рощин Николай Александрович";"директор";"(495) 624-59-90";"(495) 624-59-90";"artoteatr@gmail.com";"понедельник 11:00-22:00; вторник 11:00-22:00; среда 11:00-22:00; четверг 11:00-22:00; пятница 11:00-22:00; суббота 11:00-22:00; воскресенье 11:00-22:00";"";"artoteatr.com";"42746848";"7708064237";"64";"";"37.634908";"55.76564";"87036537";
53;"Детский театр «А-Я»";"Государственное бюджетное учреждение культуры города Москвы «Детский музыкально-драматический театр «А-Я»";"ГБУК г. Москвы «Детский музыкально-драматический театр «А-Я»";"Центральный административный округ";"Тверской район";"Петровский переулок, дом 5Е, строение 9";"Еременко Вячеслав Дмитриевич";"директор";"(495) 621-30-47";"(495) 621-30-47";"teatraya@cumail.ru";"понедельник 11:00-22:00; вторник 11:00-22:00; среда 11:00-22:00; четверг 11:00-22:00; пятница 11:00-22:00; суббота 11:00-22:00; воскресенье 11:00-22:00";"";"a-ia.ru";"28925780";"7707057082";"50";"";"37.614007";"55.766253";"87036538";
54;"Открытый студенческий театр";"Государственное бюджетное учреждение культуры города Москвы «Московский Открытый студенческий театр»";"ГБУК г. Москвы «МОСТ»";"Центральный административный округ";"Пресненский район";"Большая Садовая улица, дом 6";"Большакова Ирина Александровна";"директор";"(495) 699-59-41; (495) 699-81-37";"(495) 699-81-37";"most_theatre@mail.ru";"понедельник 11:00-22:00; вторник 11:00-22:00; среда 11:00-22:00; четверг 11:00-22:00; пятница 11:00-22:00; суббота 11:00-22:00; воскресенье 11:00-22:00";"";"sadovaya6.ru";"53758331";"7706211743";"60";"";"37.592122";"55.766158";"87036540";
55;"Детский музыкальный театр «Экспромт»";"Государственное бюджетное учреждение культуры города Москвы «Московский детский музыкальный театр «Экспромт»";"ГБУК г. Москвы «Московский детский музыкальный театр «Экспромт»";"Центральный административный округ";"Басманный район";"улица Макаренко, дом 2/21, строение 2";"Захаренков Юрий Анатольевич";"директор";"(495) 621-01-16; (495) 621-38-93";"(495) 621-38-93";"ekspromt.buh@mail.ru";"понедельник 11:00-22:00; вторник 11:00-22:00; среда 11:00-22:00; четверг 11:00-22:00; пятница 11:00-22:00; суббота 11:00-22:00; воскресенье 11:00-22:00";"";"teatr-expromt.ru";"35256747";"7701017196";"75";"";"37.647324";"55.7609";"87036515";
56;"Театр Пушкина";"Государственное бюджетное учреждение культуры города Москвы «Московский драматический театр имени А. С. Пушкина»";"ГБУК г. Москвы «МДТ им. А. С. Пушкина»";"Центральный административный округ";"Пресненский район";"Тверской бульвар, дом 23, строение 1";"Орлов Вячеслав Евгеньевич";"директор";"(495) 694-13-38; (495) 694-01-02";"(495) 694-01-02";"director@teatrpushkin.ru";"понедельник 11:00-22:00; вторник 11:00-22:00; среда 11:00-22:00; четверг 11:00-22:00; пятница 11:00-22:00; суббота 11:00-22:00; воскресенье 11:00-22:00";"";"teatrpushkin.ru";"2190074";"7703035553";"824";"62";"37.601677";"55.762271";"87036516";
57;"Ленком";"Государственное бюджетное учреждение культуры города Москвы «Московский государственный театр «Ленком»";"ГБУК г. Москвы «Московский государственный театр «Ленком»";"Центральный административный округ";"Тверской район";"улица Малая Дмитровка, дом 6, строение 1";"Варшавер Марк Борисович";"директор";"(495) 699-12-61; (495) 699-77-30; (495) 234-99-64";"(495) 234-99-64";"6506452@mail.ru";"понедельник 11:00-22:00; вторник 11:00-22:00; среда 11:00-22:00; четверг 11:00-22:00; пятница 11:00-22:00; суббота 11:00-22:00; воскресенье 11:00-22:00";"";"lenkom.ru";"2190217";"7707062124";"639";"";"37.606768";"55.767723";"87036517";
58;"Театр «ЕТ СЕТЕRA» Александра Калягина";"Государственное бюджетное учреждение культуры города Москвы «Московский театр «ЕТ СЕТЕRA» под руководством Александра Калягина»";"ГБУК г. Москвы «Московский театр «ETC» п/р А. Калягина";"Центральный административный округ";"Красносельский район";"Фролов переулок, дом 2";"Калягин Александр Александрович";"директор";"(495) 625-06-40; (495) 625-07-51";"(495) 625-06-40";"etc-theatre@mail.ru";"понедельник 11:00-22:00; вторник 11:00-22:00; среда 11:00-22:00; четверг 11:00-22:00; пятница 11:00-22:00; суббота 11:00-22:00; воскресенье 11:00-22:00";"";"et-cetera.ru";"28929140";"7707098113";"525";"100";"37.635663";"55.765065";"87036518";
59;"Театр Табакова";"Государственное бюджетное учреждение культуры города Москвы «Московский театр под руководством О. Табакова»";"ГБУК г. Москвы «Московский театр п/р О. Табакова»";"Центральный административный округ";"Басманный район";"улица Чаплыгина, дом 1А, строение 1";"Стульнев Александр Сергеевич";"директор";"(495) 621-12-71; (495) 621-41-32";"(495) 621-41-32";"tabakov@theatre.ru";"понедельник 11:00-22:00; вторник 11:00-22:00; среда 11:00-22:00; четверг 11:00-22:00; пятница 11:00-22:00; суббота 11:00-22:00; воскресенье 11:00-22:00";"";"tabakov.ru";"3558659";"7701117909";"114";"";"37.64609";"55.764208";"87036519";
60;"Центр новой драмы «Практика»";"Государственное бюджетное учреждение культуры города Москвы «Экспериментальный театральный центр новой драмы «Практика»";"ГБУК г. Москвы «Театр «Практика»";"Центральный административный округ";"Пресненский район";"Трёхпрудный переулок, дом 11/13, строение 1";"Бояков Эдуард Владиславович";"директор";"(495) 258-55-65; (495) 699-44-92; (495) 699-44-73";"(495) 694-44-73";"teh@praktikatheatre.ru";"понедельник 11:00-22:00; вторник 11:00-22:00; среда 11:00-22:00; четверг 11:00-22:00; пятница 11:00-22:00; суббота 11:00-22:00; воскресенье 11:00-22:00";"";"praktikatheatre.ru";"78487718";"7710593781";"87";"";"37.595337";"55.765643";"87036505";
61;"Школа драматического искусства";"Государственное бюджетное учреждение культуры города Москвы «Театр «Школа драматического искусства»";"ГБУК г. Москвы «Театр «Школа драматического искусства»";"Центральный административный округ";"Мещанский район";"улица Сретенка, дом 19";"Соколова Ольга Эдуардовна";"директор";"(495) 632-92-55; (495) 632-99-55";"(495) 632-92-55";"theatre@sdart.ru";"понедельник 11:00-22:00; вторник 11:00-22:00; среда 11:00-22:00; четверг 11:00-22:00; пятница 11:00-22:00; суббота 11:00-22:00; воскресенье 11:00-22:00";"";"sdart.ru";"97291151";"7702619852";"141";"94";"37.631874";"55.770162";"87036506";
62;"Новый балет";"Государственное бюджетное учреждение культуры города Москвы «Московский государственный музыкальный театр пластического балета «Новый балет»";"ГБУК г. Москвы «Театр «Новый балет»";"Центральный административный округ";"Басманный район";"Новая Басманная улица, дом 25/2, строение 1";"Чернова Аида Артуровна";"директор";"(495) 632-18-33; (495) 632-19-63; (495) 632-29-11; (499) 265-75-10";"(495) 632-18-33";"newballet@mail.ru";"понедельник 11:00-22:00; вторник 11:00-22:00; среда 11:00-22:00; четверг 11:00-22:00; пятница 11:00-22:00; суббота 11:00-22:00; воскресенье 11:00-22:00";"";"newballet.ru";"17663615";"7701015505";"62";"";"37.663441";"55.769883";"87036507";
63;"Театр имени Станиславского и Немировича-Данченко";"Государственное бюджетное учреждение культуры города Москвы «Московский академический Музыкальный театр имени народных артистов К. С. Станиславского и Вл. И. Немировича-Данченко»";"ГБУК г. Москвы «МАМТ им. К. С. Станиславского и Вл. И. Немировича-Данченко»";"Центральный административный округ";"Тверской район";"улица Большая Дмитровка, дом 17";"Урин Владимир Георгиевич";"директор";"(495) 629-90-48; (495) 629-06-49";"(495) 629-06-49";"office@stanmus.ru";"понедельник 11:00-22:00; вторник 11:00-22:00; среда 11:00-22:00; четверг 11:00-22:00; пятница 11:00-22:00; суббота 11:00-22:00; воскресенье 11:00-22:00";"";"stanmus.ru";"2190176";"7710081367";"1062";"206";"37.610516";"55.764579";"87036509";
64;"Театр Романа Виктюка";"Государственное бюджетное учреждение культуры города Москвы «Театр Романа Виктюка»";"ГБУК г. Москвы «Театр Романа Виктюка»";"Восточный административный округ";"район Сокольники";"улица Стромынка, дом 6";"Апексимова Ирина Викторовна";"директор";"(499) 268-06-69; (499) 268-36-35";"(499) 268-36-35";"2686538@mail.ru";"понедельник 11:00-22:00; вторник 11:00-22:00; среда 11:00-22:00; четверг 11:00-22:00; пятница 11:00-22:00; суббота 11:00-22:00; воскресенье 11:00-22:00";"";"teatrviktuka.ru";"45351122";"7718120924";"";"";"37.68728";"55.791257";"87036555";
65;"Театр на Перовской";"Государственное бюджетное учреждение культуры города Москвы «Московский драматический театр на Перовской»";"ГБУК г. Москвы «МДТ на Перовской»";"Восточный административный округ";"район Новогиреево";"Перовская улица, дом 75";"Панченко Андрей Маратович";"директор";"(495) 370-38-00; (495) 370-61-00";"(495) 370-38-00; (495) 370-61-00";"teatrperovo@mail.ru";"понедельник 11:00-22:00; вторник 11:00-22:00; среда 11:00-22:00; четверг 11:00-22:00; пятница 11:00-22:00; суббота 11:00-22:00; воскресенье 11:00-22:00";"";"teatrperovo.ru";"17929674";"7720051308";"72";"30";"37.812629";"55.745459";"87036556";
66;"Театр иллюзии";"Государственное бюджетное учреждение культуры города Москвы «Московский театр иллюзии»";"ГБУК г. Москвы «Московский театр иллюзии»";"Восточный административный округ";"район Вешняки";"Вешняковская улица, дом 16А";"Ляшенко Анатолий Николаевич";"директор";"(495) 374-03-11; (495) 374-58-41";"(495) 374-03-11";"teatrmagic@mail.ru";"понедельник 11:00-22:00; вторник 11:00-22:00; среда 11:00-22:00; четверг 11:00-22:00; пятница 11:00-22:00; суббота 11:00-22:00; воскресенье 11:00-22:00";"";"teatrmagic.ru";"5187635";"7720056169";"167";"";"37.826305";"55.724736";"87036557";
67;"Детский театр теней";"Государственное бюджетное учреждение культуры города Москвы «Московский детский театр теней»";"ГБУК г. Москвы «Московский детский театр теней»";"Восточный административный округ";"район Восточное Измайлово";"Измайловский бульвар, дом 60/10";"Григорьев Вадим Борисович";"директор";"(495) 465-50-70";"(495) 465-50-70";"info@teniteatr.ru";"понедельник 11:00-22:00; вторник 11:00-22:00; среда 11:00-22:00; четверг 11:00-22:00; пятница 11:00-22:00; суббота 11:00-22:00; воскресенье 11:00-22:00";"";"";"26469786";"7719013636";"150";"";"37.813155";"55.796585";"87036558";
68;"Детский музыкальный театр под руководством Чихачева";"Государственное бюджетное учреждение культуры города Москвы «Московский детский музыкальный театр под руководством Геннадия Чихачева»";"ГБУК г. Москвы «Московский театр п/р Геннадия Чихачева»";"Юго-Восточный административный округ";"Рязанский район";"1-я Новокузьминская улица, дом 1";"Чихачёв Геннадий Александрович";"директор";"(495) 371-73-33";"(495) 379-64-21";"dir-teatr@yandex.ru";"понедельник 11:00-22:00; вторник 11:00-22:00; среда 11:00-22:00; четверг 11:00-22:00; пятница 11:00-22:00; суббота 11:00-22:00; воскресенье 11:00-22:00";"";"teatr-chikhachev.ru";"28945245";"7721032971";"83";"";"37.784109";"55.717065";"87036559";
69;"Театр";"Театр ГИТИС";"Театр";"Центральный административный округ";"Тверской район";"Большой Гнездниковский пер., д.10";"";"";"(495) 629 70 87, 629 86 61";"";"";"";"";"gitis.net";"";"";"";"";"37.605811";"55.763312";"85978531";
70;"Театр";"РАТИ (ГИТИС)";"Театр";"Центральный административный округ";"Пресненский район";"Малый Кисловский пер., д.6";"";"";"(495) 290 04 11";"";"info@gitis.net";"";"";"gitis.net";"";"";"";"";"37.603467";"55.754715";"85978532";
71;"Театр";"Театр п/р Владимира Назарова";"Театр";"Западный административный округ";"район Тропарёво-Никулино";"Мичуринский пр-т, Олимпийская Деревня, д.1";"";"";"(495) 430 04 10, 430 04 00, 437 56 50";"";"info@teatrnazarova.ru";"";"";"mtvn.ru";"";"";"";"";"37.468865";"55.677519";"85978533";
72;"Театр";"Театр им. Вахтангова";"Театр";"Центральный административный округ";"район Арбат";"ул. Арбат, д.26";"";"";"(499) 241 16 79, 241 16 93";"";"vahtangov@theatre.ru";"";"";"vakhtangov.ru";"";"";"";"";"37.59145";"55.749865";"85978534";
73;"Театр";"Театр-студия ИРТ";"Театр";"Центральный административный округ";"район Замоскворечье";"Раушская наб., д.14";"";"";"(495) 726 16 89, 725 87 33, 580 10 16";"";"info@teatr-irt.ru";"";"";"teatr-irt.ru";"";"";"";"";"37.632301";"55.747985";"85978535";
74;"Театр";"Дельфинарий";"Театр";"Восточный административный округ";"район Соколиная Гора";"ул. Мироновская, д.27";"";"";"499) 369 55 58";"";"";"";"";"dolphinshow.ru";"";"";"";"";"37.73241";"55.788734";"85978536";
75;"Театр";"РАМТ";"Театр";"Центральный административный округ";"Тверской район";"Театральная пл., д.2";"";"";"(495) 692 00 69, 692 18 79, 692 65 72";"";"ramt@ramt.ru";"";"";"ramt.ru";"";"";"";"";"37.617347";"55.759222";"85978537";
76;"Театр";"Другой театр";"Театр";"Центральный административный округ";"Тверской район";"ул. Лесная, д.18";"";"";"(499) 973 21 41, 973 34 61, 250 41 15";"";"dteatr@mail.ru";"";"";"dteatr.ru";"";"";"";"";"37.590251";"55.778988";"85978538";
77;"Театр";"Малый театр";"Театр";"Центральный административный округ";"Тверской район";"Театральный пр-д, д.1, стр. 1";"";"";"(495) 623 26 21, 624 40 83, 624 40 46";"";"theatre@maly.ru";"";"";"maly.ru";"";"";"";"";"37.620677";"55.759516";"85978539";
78;"Театр";"Большой театр";"Театр";"Центральный административный округ";"Тверской район";"Театральная пл., д.1";"";"";"(499) 608 73 17";"";"pr@bolshoi.ru";"";"";"bolshoi.ru";"";"";"";"";"37.61853";"55.760204";"85978540";
79;"Театр";"Грим Масса";"Театр";"Центральный административный округ";"Тверской район";"Петровские линии, д.1/20";"";"";"(495) 625 24 58";"";"Grimmassa@bk.ru";"";"";"grimmassa.ucoz.ru";"";"";"";"";"37.618038";"55.764202";"85978541";
80;"Театр";"С.А.Д.";"Театр";"Центральный административный округ";"Мещанский район";"пр-т Мира, д.26";"";"";"(495) 662 27 81";"";"";"";"";"teatr-sad.ru";"";"";"";"";"37.633298";"55.777712";"85978542";
81;"Театр";"Театр вкуса";"Театр";"Центральный административный округ";"Тверской район";"Новолесной пер., д.11/13";"";"";"(499) 250 20 84, 250 81 34";"";"pochta@teatrvkusa.ru";"";"";"teatrvkusa.ru";"";"";"";"";"37.587624";"55.783021";"85978543";
82;"Театр";"Театр.doc";"Театр";"Центральный административный округ";"Пресненский район";"Трехпрудный пер., д.11/13, стр. 1";"";"";"(916) 653 09 89";"";"teatr-doc@yandex.ru";"";"";"teatrdoc.ru";"";"";"";"";"37.594947";"55.765661";"85978544";
83;"Театр";"Театр Школы-студии МХАТ им. Чехова";"Театр";"Центральный административный округ";"Тверской район";"Камергерский пер., д.3а";"";"";"(495) 692 41 67, 629 86 56";"";"mxat@list.ru";"";"";"mhatschool.theatre.ru, mxat.ru";"";"";"";"";"37.613476";"55.760363";"85978545";
84;"Театриум на Серпуховке Терезы Дуровой";"Государственное бюджетное учреждение культуры города Москвы «Театриум на Серпуховке под руководством Терезы Дуровой»";"ГБУК г. Москвы «Театр Терезы Дуровой»";"Южный административный округ";"Даниловский район";"Павловская улица, дом 6";"Дурова Тереза Ганнибаловна";"директор";"(495) 237-16-89; (495) 954-50-10";"(495) 954-50-10";"mail@durova.ru";"понедельник 11:00-22:00; вторник 11:00-22:00; среда 11:00-22:00; четверг 11:00-22:00; пятница 11:00-22:00; суббота 11:00-22:00; воскресенье 11:00-22:00";"";"durova.ru";"32466332";"7725054895";"1018";"128";"37.626631";"55.719447";"87036560";
85;"Еврейский театр «Шалом»";"Государственное бюджетное учреждение культуры города Москвы «Московский еврейский театр «Шалом»";"ГБУК г. Москвы «Московский еврейский театр «Шалом»";"Южный административный округ";"Нагорный район";"Варшавское шоссе, дом 71, корпус 1";"Левенбук Альберт Симхович";"директор";"(499) 613-27-53; (499) 610-78-86";"(499) 610-29-98";"shalom.teatr@gmail.ru";"понедельник 11:00-22:00; вторник 11:00-22:00; среда 11:00-22:00; четверг 11:00-22:00; пятница 11:00-22:00; суббота 11:00-22:00; воскресенье 11:00-22:00";"";"shalom-theatre.ru";"1735040";"7726073570";"199";"";"37.62038";"55.659964";"87036561";
86;"Театр Армена Джигарханяна";"Государственное бюджетное учреждение культуры города Москвы «Московский драматический театр под руководством Армена Джигарханяна»";"ГБУК г. Москвы «МДТ п/р Армена Джигарханяна»";"Юго-Западный административный округ";"Гагаринский район";"Ломоносовский проспект, дом 17";"Джигарханян Армен Борисович";"директор";"(495) 930-75-08; (499) 133-53-01; (495) 930-03-47; (495) 930-75-08";"(495) 930-03-47";"buhteatr@mail.ru";"понедельник 11:00-22:00; вторник 11:00-22:00; среда 11:00-22:00; четверг 11:00-22:00; пятница 11:00-22:00; суббота 11:00-22:00; воскресенье 11:00-22:00";"";"dzigartheater.ru";"42949126";"7729324609";"438";"90";"37.540524";"55.689781";"87036562";
87;"Театр «Бенефис»";"Государственное бюджетное учреждение культуры города Москвы «Московский драматический театр «Бенефис»";"ГБУК г. Москвы «МДТ «Бенефис»";"Юго-Западный административный округ";"район Черёмушки";"улица Гарибальди, дом 23, корпус 4";"Неровная Анна Михайловна";"директор";"(495) 120-30-70; (495) 120-40-66; (499) 744-40-71";"(495) 120-30-70; (495) 120-40-66; (499) 744-40-71";"buh-benefis@mail.ru";"понедельник 11:00-22:00; вторник 11:00-22:00; среда 11:00-22:00; четверг 11:00-22:00; пятница 11:00-22:00; суббота 11:00-22:00; воскресенье 11:00-22:00";"";"benefistheatre.ru";"3129527";"7728039292";"99";"";"37.55514";"55.672698";"87036563";
88;"Театр «Мастерская Фоменко»";"Государственное бюджетное учреждение культуры города Москвы «Московский театр «Мастерская П. Н. Фоменко»";"ГБУК г. Москвы «Московский театр «Мастерская П. Н. Фоменко»";"Западный административный округ";"район Дорогомилово";"Кутузовский проспект, дом 30";"Воробьев Андрей Михайлович";"директор";"(495) 645-33-55; (495) 645-33-18; (499) 249-98-52";"(499) 249-51-29";"fomenko@theatre.ru";"понедельник 11:00-22:00; вторник 11:00-22:00; среда 11:00-22:00; четверг 11:00-22:00; пятница 11:00-22:00; суббота 11:00-22:00; воскресенье 11:00-22:00";"";"fomenko.theatre.ru";"29022198";"7703002886";"432";"144";"37.537758";"55.741622";"87036564";
89;"Фольклорный центр Людмилы Рюминой";"Государственное бюджетное учреждение культуры города Москвы «Московский культурный фольклорный центр под руководством Людмилы Рюминой»";"ГБУК г. Москвы «Фольклорный центр п/р Л. Рюминой»";"Западный административный округ";"район Филёвский Парк";"улица Барклая, дом 9";"Рюмина Людмила Георгиевна";"директор";"(499) 730-79-91; (499) 730-79-69; (499) 730-79-61";"(499) 730-79-91";"t7307969@yandex.ru";"понедельник 11:00-22:00; вторник 11:00-22:00; среда 11:00-22:00; четверг 11:00-22:00; пятница 11:00-22:00; суббота 11:00-22:00; воскресенье 11:00-22:00";"";"";"51056019";"7730116466";"472";"";"37.49967";"55.741201";"87036565";
90;"Театр кошек Куклачева";"Государственное бюджетное учреждение культуры города Москвы «Театр кошек Куклачева»";"ГБУК г. Москвы «Театр кошек Куклачева»";"Западный административный округ";"район Дорогомилово";"Кутузовский проспект, дом 25";"Куклачев Юрий Дмитриевич";"директор";"(499) 249-65-70";"(499) 249-65-70";"tkk-69@mail.ru";"понедельник 11:00-22:00; вторник 11:00-22:00; среда 11:00-22:00; четверг 11:00-22:00; пятница 11:00-22:00; суббота 11:00-22:00; воскресенье 11:00-22:00";"";"kuklachev.ru";"76409269";"7730519779";"239";"";"37.546678";"55.743856";"87036566";
91;"Театр на Юго-Западе";"Государственное бюджетное учреждение культуры города Москвы «Московский театр на Юго-Западе»";"ГБУК г. Москвы «Московский театр на Юго-Западе»";"Западный административный округ";"район Тропарёво-Никулино";"проспект Вернадского, дом 125";"Леушин Олег Николаевич";"директор";"(495) 434-60-00";"(495) 434-60-00";"teatr.uz@gmail.com";"понедельник 11:00-22:00; вторник 11:00-22:00; среда 11:00-22:00; четверг 11:00-22:00; пятница 11:00-22:00; суббота 11:00-22:00; воскресенье 11:00-22:00";"";"teatr-uz.ru";"4583576";"7729217597";"114";"";"37.481523";"55.655538";"87036567";
92;"Ведогонь-театр";"Государственное бюджетное учреждение культуры города Москвы «Ведогонь-театр»";"ГБУК г. Москвы «Ведогонь-театр»";"Зеленоградский административный округ";"район Савёлки";"улица Юности, дом 6";"Курочкин Павел Викторович";"директор";"(499) 736-69-05";"(499) 736-76-63";"vedogon-teatr@mail.ru";"понедельник 11:00-22:00; вторник 11:00-22:00; среда 11:00-22:00; четверг 11:00-22:00; пятница 11:00-22:00; суббота 11:00-22:00; воскресенье 11:00-22:00";"";"vedogon-teatr.ru";"51092825";"7735026248";"104";"";"37.813629";"55.729579";"87036568";
93;"Театр на Таганке";"Государственное бюджетное учреждение культуры города Москвы «Московский театр на Таганке»";"ГБУК г. Москвы «Московский театр на Таганке»";"Центральный административный округ";"Таганский район";"улица Земляной Вал, дом 76/21";"Золотухин Валерий Сергеевич";"директор";"(495) 915-11-53; (499) 764-92-24";"(499) 764-92-24";"taganka-theatre@mtu-net.ru";"понедельник 11:00-22:00; вторник 11:00-22:00; среда 11:00-22:00; четверг 11:00-22:00; пятница 11:00-22:00; суббота 11:00-22:00; воскресенье 11:00-22:00";"";"taganka.theatre.ru";"2190134";"7709010548";"478";"110";"37.653913";"55.743253";"87036491";
94;"Театр";"Студия театрального искусства";"Театр";"Центральный административный округ";"Таганский район";"ул Станиславского, д.21 стр.7";"";"";"(495) 646 74 59";"";"teatr@sti.ru";"";"";"sti.ru";"";"";"";"";"37.661277";"55.745491";"85978515";
95;"Театр";"Smile";"Театр";"Центральный административный округ";"Таганский район";"ул. Солянка, д.9а, стр. 1";"";"";"(495) 649 68 63";"";"smile-theater@yandex.ru";"";"";"smile-theater.ru";"";"";"";"";"37.641547";"55.752278";"85978516";
96;"Театр";"Событие";"Театр";"Южный административный округ";"Нагорный район";"Варшавское ш., д.38";"";"";"(499) 408 60 75, (926) 804 51 01";"";"teatrsobytie@mail.ru";"";"";"teatrsobytie.ru";"";"";"";"";"37.623979";"55.67798";"85978517";
97;"Театр";"Квартет И";"Театр";"Центральный административный округ";"Тверской район";"ул. Лесная, д.18";"";"";"(499) 973 34 61, 250 41 15,";"";"";"";"";"kvartet-i.ru";"";"";"";"";"37.590251";"55.778988";"85978518";
98;"Театр";"МХТ им. Чехова";"Театр";"Центральный административный округ";"Тверской район";"Камергерский пер., д.3";"";"";"(495) 646 36 46, 692 67 48";"";"mxat@list.ru";"";"";"mxat.ru";"";"";"";"";"37.61314";"55.760082";"85978519";
99;"Театр";"Молодежный музыкальный театр «Лотос»";"Театр";"Северо-Восточный административный округ";"район Бибирево";"ул. Лескова, д.7";"";"";"(917) 573 16 92";"";"";"";"";"lotos.musicals.ru";"";"";"";"";"37.596055";"55.899426";"85978520";
100;"Театр";"Театр мюзикла";"Театр";"Западный административный округ";"район Филёвский Парк";"ул. Новозаводская, д.27";"";"";"(495) 660 92 02, 797 63 00";"";"ofis@teamuz.com";"";"";"teamuz.ru";"";"";"";"";"37.497142";"55.750192";"85978521";
101;"Театр";"Театр-студия Lege Artis";"Театр";"Северный административный округ";"Хорошёвский район";"Ленинградский пр-т, д.47";"";"";"(903) 104 52 02";"";"teatr_legeartis@mail.ru";"";"";"legeartis.su";"";"";"";"";"37.531727";"55.799262";"85978522";
102;"Театр";"Театральный институт им. Щукина при Театре им. Вахтангова";"Театр";"Центральный административный округ";"район Арбат";"Большой Николопесковский пер., д.12а";"";"";"(499) 241 64 61, 244 05 65";"";"sh-tea-inst@mail.ru";"";"";"htvs.ru";"";"";"";"";"37.590407";"55.751687";"85978523";
103;"Театр";"Цирк на проспекте Вернадского";"Театр";"Юго-Западный административный округ";"Гагаринский район";"пр-т Вернадского, д.7";"";"";"(495) 930 28 15, 930 03 00, 939 45 47";"";"info@bigcirc.ru";"";"";"bolshoicircus.ru";"";"";"";"";"37.540344";"55.69436";"85978524";
104;"Театр";"Политеатр";"Театр";"Центральный административный округ";"Тверской район";"Новая пл., д.3/4";"";"";"(495) 623 69 16, 544 55 45";"";"press@polymus.ru";"";"";"polyteatr.ru";"";"";"";"";"37.629513";"55.757796";"85978525";
105;"Театр";"Новый арт-театр";"Театр";"Южный административный округ";"Донской район";"Ленинский пр-т, д.37а";"";"";"(495) 510 56 23, 979 12 75, (499) 123 03 11";"";"art-teatr-01@yandex.ru";"";"";"art-teatr.ru";"";"";"";"";"37.58664";"55.709084";"85978526";
106;"Театр";"Театральный центр «На Страстном»";"Театр";"Центральный административный округ";"Тверской район";"Страстной б-р, д.8а";"";"";"(495) 694 46 81, 629 10 56";"";"strastnoy@theatre.ru";"";"";"strastnoy.theatre.ru";"";"";"";"";"37.610807";"55.7663";"85978527";
107;"Театр";"Театр кукол «Альбатрос»";"Театр";"Восточный административный округ";"район Измайлово";"4-я Парковая, д.24а";"";"";"(499) 367 53 72, (495) 517 22 23";"";"tk-albatros@mail.ru";"";"";"tk-albatros.ru";"";"";"";"";"37.787136";"55.794638";"85978528";
108;"Театр";"Филиал Малого театра";"Театр";"Центральный административный округ";"район Замоскворечье";"ул. Большая Ордынка, д.69";"";"";"(499) 237 31 81, 237 44 72";"";"";"";"";"maly.ru";"";"";"";"";"37.624597";"55.730613";"85978529";
109;"Театр";"Театр на набережной";"Театр";"Центральный административный округ";"район Хамовники";"Фрунзенская наб., д.48";"";"";"(499) 242 56 85";"";"nabereg@inbox.ru";"";"";"nabereg. ru";"";"";"";"";"37.579803";"55.717954";"85978530";
110;"Театр «Киноспектакль»";"Государственное бюджетное учреждение культуры города Москвы «Московский театр «Киноспектакль»";"ГБУК г. Москвы «Московский театр «Киноспектакль»";"Центральный административный округ";"Пресненский район";"Малый Козихинский переулок, дом 4, строение 1";"Лещинер Олег Дмитриевич";"директор";"(495) 697-57-97";"(495) 697-57-97";"kinospektakl@mail.ru";"понедельник 11:00-22:00; вторник 11:00-22:00; среда 11:00-22:00; четверг 11:00-22:00; пятница 11:00-22:00; суббота 11:00-22:00; воскресенье 11:00-22:00";"";"kinospektakl.ru";"43237924";"7734061088";"47";"";"37.594691";"55.76394";"87036546";
111;"Цыганский театр «Ромэн»";"Государственное бюджетное учреждение культуры города Москвы «Московский музыкально-драматический цыганский театр «Ромэн»";"ГБУК г. Москвы «Цыганский театр «Ромэн»";"Северный административный округ";"район Беговой";"Ленинградский проспект, дом 32/2";"Морозов Юрий Алексеевич";"директор";"(495) 612-03-33; (495) 614-80-79";"(495) 614-80-70; (495) 614-80-79";"morozov@teatr-romen.ru";"понедельник 11:00-22:00; вторник 11:00-22:00; среда 11:00-22:00; четверг 11:00-22:00; пятница 11:00-22:00; суббота 11:00-22:00; воскресенье 11:00-22:00";"";"teatr-romen.ru";"2190157";"7714035227";"514";"";"37.569327";"55.784732";"87036547";
112;"Центр драматургии и режиссуры";"Государственное бюджетное учреждение культуры города Москвы «Театр «Центр драматургии и режиссуры»";"ГБУК г. Москвы «Театр «Центр драматургии и режиссуры»";"Северный административный округ";"район Беговой";"Беговая улица, дом 5";"Палагута Дмитрий Валентинович";"директор";"(495) 946-19-28";"(499) 248-02-54";"kazantsev-center@mail.ru";"понедельник 11:00-22:00; вторник 11:00-22:00; среда 11:00-22:00; четверг 11:00-22:00; пятница 11:00-22:00; суббота 11:00-22:00; воскресенье 11:00-22:00";"";"сdr.theatre.ru";"57990146";"7722284474";"100";"56";"37.554849";"55.776757";"87036548";
113;"Детский камерный театр кукол";"Государственное бюджетное учреждение культуры города Москвы «Московский детский камерный театр кукол»";"ГБУК г. Москвы «Московский детский камерный театр кукол»";"Северо-Восточный административный округ";"район Ростокино";"улица Бажова, дом 9";"Александров Анатолий Иванович";"директор";"(499) 181-51-41; (499) 181-03-91";"(499) 181-03-91";"mdktk@mail.ru";"понедельник 11:00-22:00; вторник 11:00-22:00; среда 11:00-22:00; четверг 11:00-22:00; пятница 11:00-22:00; суббота 11:00-22:00; воскресенье 11:00-22:00";"";"mdktk.ru";"17666803";"7716101796";"120";"";"37.661509";"55.835038";"87036549";
114;"Новый драматический театр";"Государственное бюджетное учреждение культуры города Москвы «Московский новый драматический театр»";"ГБУК г. Москвы «Московский новый драматический театр»";"Северо-Восточный административный округ";"Ярославский район";"улица Проходчиков, дом 2";"Долгачев Вячеслав Васильевич";"директор";"(495) 182-03-56; (499) 182-03-56; (499) 182-03-38";"(495) 182-03-38";"ndteatr@mail.ru";"понедельник 11:00-22:00; вторник 11:00-22:00; среда 11:00-22:00; четверг 11:00-22:00; пятница 11:00-22:00; суббота 11:00-22:00; воскресенье 11:00-22:00";"";"newteatr.ru";"5112873";"7716028803";"194";"72";"37.721041";"55.873719";"87036550";
115;"Театр Русский камерный балет Москва";"Государственное бюджетное учреждение культуры города Москвы «Театр Русский камерный балет Москва»";"ГБУК г. Москвы «Театр Русский камерный балет «Москва»";"Центральный административный округ";"Красносельский район";"Новорязанская улица, дом 16";"Тупысева Елена Михайловна";"директор";"(495) 607-01-29; (495) 607-70-97";"(495) 607-70-97";"info@baletmoskva.ru";"понедельник 11:00-22:00; вторник 11:00-22:00; среда 11:00-22:00; четверг 11:00-22:00; пятница 11:00-22:00; суббота 11:00-22:00; воскресенье 11:00-22:00";"";"baletmoskva.ru";"17666453";"7722010233";"";"";"37.660573";"55.771943";"87036508";
116;"Молодежный театр под руководством Спесивцева";"Государственное бюджетное учреждение культуры города Москвы «Московский молодежный экспериментальный театр под руководством Вячеслава Спесивцева»";"ГБУК г. Москвы «ММЭТ п/р В. Спесивцева»";"Северо-Восточный административный округ";"Бутырский район";"улица Руставели, дом 19";"Спесивцев Вячеслав Семенович";"директор";"(495) 618-23-32; (495) 618-19-35";"(495) 618-23-32";"zavlit2004@list.ru";"понедельник 11:00-22:00; вторник 11:00-22:00; среда 11:00-22:00; четверг 11:00-22:00; пятница 11:00-22:00; суббота 11:00-22:00; воскресенье 11:00-22:00";"";"";"17665755";"7715049230";"304";"";"37.598775";"55.813814";"87036551";
117;"Театр «Тень»";"Государственное бюджетное учреждение культуры города Москвы «Московский театр «Тень»";"ГБУК г. Москвы «Московский театр «Тень»";"Северо-Восточный административный округ";"район Марьина Роща";"Октябрьская улица, дом 5";"Краснопольская Майя Александровна";"директор";"(495) 681-15-16; (495) 681-35-90";"(495) 681-35-90";"tenjtenjtenj@gmail.com";"понедельник 11:00-22:00; вторник 11:00-22:00; среда 11:00-22:00; четверг 11:00-22:00; пятница 11:00-22:00; суббота 11:00-22:00; воскресенье 11:00-22:00";"";"";"11420509";"7715102388";"5";"50";"37.613582";"55.785533";"87036552";
118;"Историко-этнографический театр";"Государственное бюджетное учреждение культуры города Москвы «Московский государственный историко-этнографический театр»";"ГБУК г. Москвы «МГИЭТ»";"Северо-Восточный административный округ";"Бабушкинский район";"улица Рудневой, дом 3";"Мизюков Михаил Александрович";"директор";"(495) 184-17-11; (495) 184-17-22; (495) 184-00-83";"(495) 184-17-22";"mgiet@mgiet.ru";"понедельник 11:00-22:00; вторник 11:00-22:00; среда 11:00-22:00; четверг 11:00-22:00; пятница 11:00-22:00; суббота 11:00-22:00; воскресенье 11:00-22:00";"";"mgiet.ru";"27989996";"7716149741";"176";"";"37.680999";"55.863779";"87036553";
119;"Театр кукол «Жар-птица»";"Государственное бюджетное учреждение культуры города Москвы «Московский театр кукол «Жар-птица»";"ГБУК г. Москвы «Московский театр кукол «Жар-птица»";"Восточный административный округ";"район Сокольники";"улица Стромынка, дом 3";"Неруш Людмила Викторовна";"директор";"(499) 268-58-26; (499) 268-16-27; (495) 603-32-42";"(495) 268-58-26";"teatr-kykol@bk.ru";"понедельник 11:00-22:00; вторник 11:00-22:00; среда 11:00-22:00; четверг 11:00-22:00; пятница 11:00-22:00; суббота 11:00-22:00; воскресенье 11:00-22:00";"";"teatr-zhar-ptitsa.ru";"36532646";"7701020760";"154";"";"37.68308";"55.79077";"87036554";
120;"Театр";"Хореографический ансамбль «Березка» им. Надеждиной";"Театр";"Центральный административный округ";"Пресненский район";"Леонтьевский пер., д.7, стр. 1б";"";"";"(495) 690 18 40";"";"berezka@hloptic.ru";"";"";"berezkadance.ru";"";"";"";"";"37.601724";"55.758806";"85978561";
121;"Театр";"Театр-студия «Галерка»";"Театр";"Центральный административный округ";"район Замоскворечье";"ул. Бахрушина, д.17";"";"";"(919) 767 34 03";"";"";"";"";"нагалерке.рф";"";"";"";"";"37.63611";"55.73485";"85978562";
122;"Театр";"Союз театральных деятелей РФ";"Театр";"Центральный административный округ";"Тверской район";"Страстной б-р, д.10";"";"";"(495) 650 28 46";"";"stdrf@stdrf.ru";"";"";"stdrf.ru";"";"";"";"";"37.610947";"55.766713";"85978563";
123;"Театр";"Мастерская движения «Кроме слов»";"Театр";"Центральный административный округ";"Таганский район";"Нижний Таганский тупик, д.3";"";"";"(905) 744 64 22";"";"veronika.chernysheva@gmail.com";"";"";"kromeslow.ru";"";"";"";"";"37.651825";"55.744503";"85978564";
124;"Театр";"Бу...";"Театр";"Центральный административный округ";"Пресненский район";"ул. Большая Садовая, д.10";"";"";"(495) 970 06 19";"";"teatr-bu@gmail.ru";"";"";"teatr-bu.ru";"";"";"";"";"37.59363";"55.767073";"85978565";
125;"Театр";"Театрально-концертное агентство «Рим»";"Театр";"Центральный административный округ";"Тверской район";"ул. Новослободская, д.23";"";"";"(495) 744 01 09";"";"teatr-bu@gmail.ru";"";"";"rimagency.com";"";"";"";"";"37.598199";"55.781477";"85978566";
126;"Театр";"Мастер";"Театр";"Центральный административный округ";"Пресненский район";"Большая Никитская, д.35";"";"";"(495) 755 31 76";"";"";"";"";"mtm.theatre.ru";"";"";"";"";"37.595063";"55.757223";"85978567";
127;"Театр";"Цирк «Радуга»";"Театр";"Северный административный округ";"район Левобережный";"ул. Флотская, д.5а";"";"";"";"";"dr_vitali@msn.com";"";"";"cirkusraduga@rambler.ru";"";"";"";"";"37.492497";"55.851508";"85978568";
128;"Театр";"МХАТ им. Горького";"Театр";"Центральный административный округ";"Пресненский район";"Тверской б-р, д.22";"";"";"(495) 697 87 73, 697 62 22";"";"mxat@list.ru";"";"";"mxat-teatr.ru";"";"";"";"";"37.603618";"55.761577";"85978569";
129;"Театр";"Детский театр «Тик-Так»";"Театр";"Центральный административный округ";"Пресненский район";"ул. Красная Пресня, д.4а";"";"";"(495) 255 57 63";"";"tik-tak-teatre@yandex.ru";"";"";"tik-tak-teatre.ru";"";"";"";"";"37.57588";"55.761681";"85978570";
130;"Театр";"Театр-77";"Театр";"Юго-Западный административный округ";"Гагаринский район";"Ленинский пр-т, д.77";"";"";"(499) 132 88 00";"";"tepigra@mail.ru";"";"";"tepigra.ru";"";"";"";"";"37.543018";"55.685654";"85978571";
131;"Театр";"Театр эмоциональной драмы";"Театр";"Центральный административный округ";"Таганский район";"ул. Библиотечная, д.23";"";"";"(495) 678 52 96";"";"";"";"";"";"";"";"";"";"37.675486";"55.744885";"85978572";
132;"Театр";"Театральная студия «Новый факультет»";"Театр";"Восточный административный округ";"район Сокольники";"Стромынский пер., д.5";"";"";"(926) 567 29 37, (916) 171 14 09";"";"";"";"";"";"";"";"";"";"37.694964";"55.792668";"85978573";
133;"Театр";"Еврейский театр Zay Gezunt";"Театр";"Центральный административный округ";"район Хамовники";"ул. Малая Пироговская, д.5";"";"";"(495) 246 90 90";"";"zaygezunt@mail.ru";"";"";"zaygezunt.ucoz.ru";"";"";"";"";"37.573408";"55.730746";"85978574";
134;"Театр";"Русский балет";"Театр";"Юго-Восточный административный округ";"район Кузьминки";"Волгоградский пр-т, д.121";"";"";"(495) 379 43 24, 175 33 39";"";"rusbalet@mail.ru";"";"";"russballet.ru";"";"";"";"";"37.767104";"55.708162";"85978575";
135;"Театр";"Театр-студия «Чайка»";"Театр";"Восточный административный округ";"район Соколиная Гора";"пр-т Буденного, д.14";"";"";"(499) 785 89 12, 785 89 76";"";"nfo@dkchayka.ru";"";"";"teatr-chayka.ru";"";"";"";"";"37.720372";"55.777474";"85978591";
136;"Театр";"Созвездие";"Театр";"Восточный административный округ";"район Гольяново";"ул. Новосибирская, д.11";"";"";"(495) 466 97 95, (926) 823 41 10";"";"kcsozvezdie@kcsozvezdie.ru, kcsozvezdie@gmail.com";"";"";"kcsozvezdie.ru";"";"";"";"";"37.818666";"55.816419";"85978592";
137;"Театр";"Театр сказки «Аквамарин»";"Театр";"Западный административный округ";"район Кунцево";"ул. Ивана Франко, д.14";"";"";"(495) 792 30 72";"";"";"";"";"circ-a.ruskazka/";"";"";"";"";"37.440826";"55.728545";"85978593";
138;"Театр";"Вернадского, 13";"Театр";"Юго-Западный административный округ";"Ломоносовский район";"пр-т Вернадского, д.13";"";"";"(495) 930 75 77, 930 81 77, (916) 131 66 64";"";"teаtr13@mail.ru";"";"";"teatr13.ru";"";"";"";"";"37.527625";"55.687484";"85978594";
139;"Театр";"Театр народной музыки и песни «Золотое кольцо»";"Театр";"Северный административный округ";"Тимирязевский район";"ул. Тимирязевская, д.17а";"";"";"(495) 611 48 00";"";"teatr@golden-ring.ru";"";"";"golden-ring.ru";"";"";"";"";"37.567179";"55.811848";"85978595";
140;"Театр";"Театр 31";"Театр";"Восточный административный округ";"район Богородское";"ул. Бойцовая, д.22, стр. 3";"";"";"(915) 470 70 55";"";"";"";"";"teatr31.ru";"";"";"";"";"37.724489";"55.815497";"85978596";
141;"Театр";"Камерный музыкальный театр им. Бориса Покровского";"Театр";"Центральный административный округ";"Тверской район";"ул. Никольская, д.17";"";"";"(495) 606 01 08, 620 13 26";"";"opera-pokrovsky@mail.ru";"";"";"opera-pokrovsky.ru";"";"";"";"";"37.623402";"55.758108";"85978597";
142;"Театр";"Драм-Антре";"Театр";"Центральный административный округ";"Мещанский район";"ул. Большая Лубянка, д.13/16";"";"";"(495) 518 02 85";"";"";"";"";"dramantre.ru";"";"";"";"";"37.629269";"55.764246";"85978598";
143;"Театр";"Буфф";"Театр";"Центральный административный округ";"Тверской район";"ул. Лесная, д.59, стр. 1";"";"";"(499) 250 15 10";"";"teatr-buff@yandex.ru";"";"";"teatr-buff.ru";"";"";"";"";"37.593373";"55.78196";"85978599";
144;"Театр";"Тихий омут";"Театр";"Западный административный округ";"район Дорогомилово";"ул. Дениса Давыдова, д.3";"";"";"(916) 501 70 48, (903) 251 43 75, (903) 683 21 39";"";"praxa-omut@yandex.ru";"";"";"tsd-tihomut.ru";"";"";"";"";"37.519761";"55.739041";"85978600";
145;"Театр";"Фэст";"Театр";"Значения отсутствуют в справочнике";"Значения отсутствуют в справочнике";"МО, г.Мытищи, ул. Щербакова, д.6а";"";"";"(495) 586 22 99, 586 07 77";"";"";"";"";"";"";"";"";"";"37.725768";"55.900021";"85978601";
146;"Театр";"Экспромт";"Театр";"Центральный административный округ";"Басманный район";"ул. Макаренко, д.2/21";"";"";"(495) 621 01 16, 621 38 93";"";"";"";"";"";"";"";"";"";"37.646182";"55.760826";"85988002";
147;"Театр";"Малая драматическая труппа";"Театр";"Южный административный округ";"район Чертаново Северное";"Сумской пр-д, д.6а";"";"";"(495) 311 11 53";"";"";"";"";"theatre-mdt.ru";"";"";"";"";"37.609634";"55.635938";"85988003";
148;"Театр";"Театр им. Островского";"Театр";"Юго-Восточный административный округ";"район Кузьминки";"Волгоградский пр-т, д.121";"";"";"(499) 175 33 39";"";"tostrovskogo@mail.ru";"";"";"oteatre.ru";"";"";"";"";"37.767104";"55.708162";"85988004";
149;"Театр";"ТОТ";"Театр";"Юго-Западный административный округ";"район Зюзино";"Севастопольский пр-т, д.61";"";"";"(495) 135 09 43";"";"tottheatre@yandex.ru";"";"";"tottheatre.ru";"";"";"";"";"37.577442";"55.661293";"85988005";
150;"Театр";"Цирк-шапито «Инантеп»";"Театр";"Южный административный округ";"район Братеево";"ул. Братеевская, д.4б";"";"";"(495) 342 59 28";"";"mayackaya@gmail.com";"";"";"circusbrateevo.ru";"";"";"";"";"37.754487";"55.630716";"85988051";
151;"Театр";"Триумф";"Театр";"Центральный административный округ";"Тверской район";"ул. Александра Невского, д.4";"";"";"(495) 231 02 25";"";"triumfik@mail.ru";"";"";"vokaltanec.ruadresa.html";"";"";"";"";"37.592594";"55.777017";"85988052";
152;"Театр";"Театр-студия «Отражение»";"Театр";"Северо-Восточный административный округ";"Алексеевский район";"Кулаков пер., д.9а";"";"";"(495) 728 99 01";"";"info@studio-otragenie.ru";"";"";"studio-otragenie.ru";"";"";"";"";"37.642564";"55.804795";"85988053";
153;"Театр";"Детский театр-студия «Сценка»";"Театр";"Юго-Западный административный округ";"Обручевский район";"ул. Обручева, д.24";"";"";"(495) 735 01 26";"";"7350126@mail.ru";"";"";"teatr-scenka.ucoz.ru";"";"";"";"";"37.518326";"55.65741";"85988054";
154;"Театр";"Наш дом";"Театр";"Значения отсутствуют в справочнике";"Значения отсутствуют в справочнике";"МО, г. Химки, ул. Маяковского, д.22";"";"";"(495) 573 80 47";"";"";"";"";"";"";"";"";"";"37.206518";"55.608196";"85988055";
155;"Театр";"Театр литературной импровизации";"Театр";"Северо-Восточный административный округ";"Бабушкинский район";"ул. Верхоянская, д.6, корп. 1";"";"";"(903) 500 23 61";"";"Sergius50@mail.ru";"";"";"ipteatr.ru";"";"";"";"";"37.669573";"55.858475";"85988056";
156;"Театр";"Мастерская театральных ремесел п/р Андрея Щукина";"Театр";"Центральный административный округ";"Тверской район";"Большой Гнездниковский пер., д.10";"";"";"(495) 629 86 61, (499) 241 64 61";"";"";"";"";"vk.com/wukini_deti";"";"";"";"";"37.605811";"55.763312";"85988057";
157;"Театр";"Театр-студия им. Штейна";"Театр";"Южный административный округ";"Даниловский район";"ул. Восточная, д.4, корп. 1";"";"";"(495) 675 16 36";"";"";"";"";"slonhorton.ru";"";"";"";"";"37.657869";"55.714426";"85988058";
158;"Театр";"Школа-студия актерского мастерства НИУ ВШЭ";"Театр";"Центральный административный округ";"Басманный район";"ул. Мясницкая, д.20";"";"";"(495) 624 17 49";"";"teatr_hse@mail.ru";"";"";"hse.ruculture/theatre/";"";"";"";"";"37.633431";"55.761447";"85988059";
159;"Театр";"Живая сказка";"Театр";"Центральный административный округ";"Басманный район";"ул. Макаренко, д.4, стр. 1";"";"";"(495) 625 18 04, 625 33 19";"";"zhiv-skazka@yandex.ru";"";"";"zhiv-skazka.narod2.ru";"";"";"";"";"37.64768";"55.761269";"85988060";
160;"Театр";"Театр «Школа драматического искусства» под рук-м Анатольева Васильева";"Театр";"Центральный административный округ";"Мещанский район";"ул. Сретенка, д.21/28";"";"";"691-50-39";"";"";"";"";"";"";"";"";"";"37.63209";"55.770592";"85988061";
161;"Театр";"Театр «русский дом»";"Театр";"Центральный административный округ";"Красносельский район";"Сретенский б-р, д.6/1 стр.2";"";"";"624-59-90";"";"teatr-rd@endex.ru";"";"";"russky-dom.ru";"";"";"";"";"37.63491";"55.765637";"85988062";
162;"Театр";"Федеральное бюджетное учреждение культуры «Государственный академический малый театр России (филиал)";"Театр";"Центральный административный округ";"район Замоскворечье";"ул. Большая Ордынка, д.69";"";"";"625-43-37";"";"Info@maly.ru";"";"";"maly.ru";"";"";"";"";"37.624597";"55.730613";"85988063";
163;"Театр";"ГБУК театр РАТИ ГИТИС";"Театр";"Центральный административный округ";"Тверской район";"Большой Гнездниковский пер., д.10";"";"";"(495) 629-70-87";"";"";"";"";"gitis.net";"";"";"";"";"37.605811";"55.763312";"85988064";
164;"Театр";"Дом актера";"Театр";"Центральный административный округ";"район Арбат";"ул. Арбат, д.35";"";"";"(495) 241 11 51";"";"pressacda@yandex.ru";"";"";"rfcda.ru";"";"";"";"";"37.591566";"55.749077";"85988006";
165;"Театр";"Свободный театр Нины Чусовой";"Театр";"Юго-Западный административный округ";"Гагаринский район";"пр-т Вернадского, д.9/10";"";"";"(499) 131 71 11";"";"";"";"";"st-portret.ru";"";"";"";"";"37.532819";"55.690227";"85988007";
166;"Театр";"Кремлевский балет";"Театр";"Центральный административный округ";"Тверской район";"Кремль";"";"";"(495) 620 77 27";"";"6207360@mail.ru";"";"";"kremlin-gkd.ru";"";"";"";"";"37.617294";"55.751705";"85988008";
167;"Театр";"Цирк Никулина на Цветном бульваре";"Театр";"Центральный административный округ";"Тверской район";"Цветной б-р, д.13";"";"";"(495) 625 89 70, 621 14 03";"";"info@circusnikulin.ru";"";"";"circusnikulin.ru";"";"";"";"";"37.619933";"55.770505";"85988009";
168;"Театр";"Театр-студия «Откровение»";"Театр";"Юго-Западный административный округ";"район Коньково";"ул. Островитянова, д.15/1";"";"";"(495) 330 14 22, 330 51 83";"";"otkrovenie04@mail.ru";"";"";"otkrovenie-scena.ru";"";"";"";"";"37.506261";"55.639754";"85988010";
169;"Театр";"Театральная компания Евгения Миронова";"Театр";"Центральный административный округ";"Тверской район";"Петровский пер., д.3";"";"";"(495) 510 02 60";"";"";"";"";"mironovcompany.ru";"";"";"";"";"37.612893";"55.765824";"85988011";
170;"Театр";"Областной камерный театр";"Театр";"Юго-Восточный административный округ";"район Кузьминки";"Волгоградский пр-т, д.121";"";"";"(495) 953 15 69, 951 26 08";"";"kamteatr@mail.ru";"";"";"kamteatr.ru";"";"";"";"";"37.767104";"55.708162";"85988012";
171;"Театр";"Сатирикон";"Театр";"Северо-Восточный административный округ";"район Марьина Роща";"ул. Шереметьевская, д.8";"";"";"(495) 689 78 44, 689 78 85, 602 65 83, 689 78 36";"";"theatre@satiricon.msk.ru";"";"";"satirikon.ru";"";"";"";"";"37.618133";"55.797056";"85988013";
172;"Театр";"Театр-студия оперы РАМ им. Гнесиных";"Театр";"Центральный административный округ";"район Арбат";"Малый Ржевский пер., д.1";"";"";"(495) 290 67 37";"";"mailbox@gnesin-academy.ru";"";"";"gnesin-opera.ru";"";"";"";"";"37.592348";"55.75576";"85988014";
173;"Театр";"Театральный центр «Арт-вояж»";"Театр";"Юго-Восточный административный округ";"Южнопортовый район";"ул. Мельникова, д.7";"";"";"(495) 628 34 21";"";"artvoyj@inbox.ru";"";"";"artvoyg.ru";"";"";"";"";"37.673435";"55.725581";"85988015";
174;"Театр";"Театр киноактера";"Театр";"Центральный административный округ";"район Арбат";"ул. Поварская, д.33";"";"";"(495) 690 28 11";"";"info@teatrkinoaktera.ru";"";"";"teatrkinoaktera.ru";"";"";"";"";"37.586234";"55.756912";"85988016";
175;"Театр";"Кураж";"Театр";"Центральный административный округ";"Басманный район";"Спартаковская пл., д.14, стр. 1";"";"";"(495) 970 14 76, 970 15 51 (доб. 6301, 6302) , 504 73 24, (916) 397 08 86";"";"theatre@kurage.ru";"";"";"kurage.ru";"";"";"";"";"37.679715";"55.776994";"85988017";
176;"Театр";"Мел";"Театр";"Северо-Восточный административный округ";"район Отрадное";"ул. Декабристов, д.2/2";"";"";"(495) 907 21 27, (495) 907 67 19";"";"melteatr@melteatr.ru";"";"";"melteatr.ru";"";"";"";"";"37.592268";"55.867684";"85988018";
177;"Театр";"Амадей";"Театр";"Центральный административный округ";"Пресненский район";"ул. Спиридоновка, д.4";"";"";"(495) 690 09 56";"";"info@amadei.ru";"";"";"amadei.ru";"";"";"";"";"37.596";"55.758678";"85988019";
178;"Театр";"Театр кукол «Огниво»";"Театр";"Значения отсутствуют в справочнике";"Значения отсутствуют в справочнике";"МО, г.Мытищи, ул. Шараповская, д.4, корп. 1.";"";"";"(495) 586 05 06, 583 36 70";"";"";"";"";"";"";"";"";"";"37.730723";"55.899116";"85988020";
179;"Театр";"Эксперимент";"Театр";"Северный административный округ";"Хорошёвский район";"Ленинградский пр-т, д.47";"";"";"(495) 649 13 01, (903) 170 35 67";"";"4021965@list.ru";"";"";"experimenteatr.narod.ru";"";"";"";"";"37.531224";"55.79993";"85988021";
180;"Театр";"Театр Кирилла Ганина";"Театр";"Центральный административный округ";"Басманный район";"ул. Старая Басманная, д.20/1, стр. 13";"";"";"(499) 204 44 60";"";"teatrganina@narod.ru";"";"";"teatrganina.narod.ru";"";"";"";"";"37.664087";"55.766542";"85988022";
181;"Театр";"Дельфинарий";"Театр";"Северо-Восточный административный округ";"Останкинский район";"пр-т Мира, д.119";"";"";"(495) 796 88 26";"";"delfin-show@mail.ru";"";"";"dolphinshow.ru";"";"";"";"";"37.633702";"55.828623";"85988023";
182;"Театр";"Театр старинной музыки МГУ";"Театр";"Западный административный округ";"район Раменки";"Воробьевы горы";"";"";"(495) 939 13 86";"";"pasha2186@list.ru";"";"";"tsm-msu.ru";"";"";"";"";"37.530879";"55.702887";"85988024";
183;"Театр";"Три лика";"Театр";"Центральный административный округ";"Пресненский район";"Тверской б-р, д.11";"";"";"(916) 813 81 36";"";"trilika@mail.ru";"";"";"trilika.narod.ru";"";"";"";"";"37.599565";"55.759897";"85988025";
184;"Театр";"Арт-хаус";"Театр";"Восточный административный округ";"район Сокольники";"ул. Гастелло, д.39";"";"";"(499) 268 23 08, (495) 603 07 79, 603 09 43";"";"arthouse.teatr@yandex.ru";"";"";"arthouse-vt.ru";"";"";"";"";"37.692915";"55.783651";"85988026";
185;"Театр";"Арбат-опера";"Театр";"Центральный административный округ";"район Арбат";"ул. Арбат, д.35";"";"";"(495) 248 18 05";"";"";"";"";"spr.ruarbat/arbat-opera.html";"";"";"";"";"37.591566";"55.749077";"85988027";
186;"Театр";"Costa del Flamenco п/у Лилии Сафиной";"Театр";"Центральный административный округ";"Таганский район";"ул. Волочаевская, д.11/15";"";"";"(495) 962 04 27";"";"";"";"";"safina.ru";"";"";"";"";"37.675025";"55.749039";"85988028";
187;"Театр";"На Пресне";"Театр";"Центральный административный округ";"Пресненский район";"Шмитовский пр-д, д.2";"";"";"(495) 205 19 72";"";"";"";"";"";"";"";"";"";"37.556792";"55.759192";"85988029";
188;"Театр";"Академия хореографии";"Театр";"Центральный административный округ";"район Хамовники";"ул. 2-я Фрунзенская, д.5";"";"";"(499) 242 86 11";"";"balletacademy@yandex.ru";"";"";"balletacademy.ru";"";"";"";"";"37.580592";"55.721552";"85988030";
189;"Театр";"Московский армянский театр п/р Славы Степаняна";"Театр";"Центральный административный округ";"Мещанский район";"ул. Советской Армии, д.8а";"";"";"(903) 674 18 84";"";"mosarmteatr@mail.ru";"";"";"mosarmteatr.ru";"";"";"";"";"37.618109";"55.787504";"85988031";
190;"Театр";"Театр восточного танца «Мохсира»";"Театр";"Центральный административный округ";"Пресненский район";"Пресненский Вал, д.29";"";"";"(495) 688 10 05, 106 05 06";"";"";"";"";"mohsira.ru";"";"";"";"";"37.572585";"55.772545";"85988032";
191;"Театр";"Opera";"Театр";"Юго-Восточный административный округ";"район Выхино-Жулебино";"Тополевая аллея, д.6";"";"";"(905) 538 37 21";"";"";"";"";"";"";"";"";"";"37.796478";"55.690384";"85988033";
192;"Театр";"На Карамышевской";"Театр";"Северо-Западный административный округ";"район Хорошёво-Мнёвники";"ул. Народного ополчения, д.4";"";"";"(495) 191 64 79, 191 01 75, 478 70 85";"";"info@karam.ru";"";"";"karam.ru";"";"";"";"";"37.476375";"55.77013";"85988034";
193;"Театр";"Московская драматическая группа";"Театр";"Юго-Западный административный округ";"район Ясенево";"ул. Паустовского, д.2";"";"";"(495) 425 80 00, 712 40 03";"";"org@mosdrama.ru";"";"";"mosdrama.ru";"";"";"";"";"37.541546";"55.60328";"85988035";
194;"Театр";"Белорусский вокзал";"Театр";"Центральный административный округ";"Тверской район";"ул. Лесная, д.18";"";"";"(495) 251 89 21, (499) 973 49 54";"";"";"";"";"";"";"";"";"";"37.590251";"55.778988";"85988036";
195;"Театр";"Останкинский театр";"Театр";"Северо-Восточный административный округ";"Останкинский район";"ул. 1-я Останкинская, д.5";"";"";"(495) 683 46 45";"";"";"";"";"museum.rumuseum/ostankino/2.htm";"";"";"";"";"37.614637";"55.824984";"85988037";
196;"Театр";"Царицыно";"Театр";"Южный административный округ";"район Бирюлёво Восточное";"ул. Прохладная, д.28";"";"";"(495) 321 51 16";"";"";"";"";"mogtyz.ru";"";"";"";"";"37.673045";"55.616252";"85988038";
197;"Театр";"Серпуховский музыкально-драматический театр";"Театр";"Значения отсутствуют в справочнике";"Значения отсутствуют в справочнике";"МО, г.Серпухов, ул. Чехова, д.58/27";"";"";"(4967) 72 19 94, 72 14 31";"";"";"";"";"";"";"";"";"";"37.544307";"55.417785";"85988039";
198;"Театр";"Класс-центр";"Театр";"Северный административный округ";"район Коптево";"ул. Большая Академическая, д.11а";"";"";"(499) 767 08 76, 767 09 55";"";"class-center@mail.ru";"";"";"klass-center.ru";"";"";"";"";"37.524753";"55.82201";"85988040";
199;"Театр";"Возвращение";"Театр";"Северный административный округ";"район Левобережный";"ул. Беломорская, д.26";"";"";"(499) 196 02 26";"";"vozvrashchenie@bk.ru";"";"";"vozvrashchenie-m.ru";"";"";"";"";"37.47576";"55.864769";"85988041";
200;"Театр";"Театральная студия школы №1089";"Театр";"Северо-Западный административный округ";"район Хорошёво-Мнёвники";"ул. Берзарина, д.19, корп. 2";"";"";"(499) 197 00 97";"";"hsch1089@czouo.ru";"";"";"";"";"";"";"";"37.476476";"55.786784";"85988042";
201;"Театр";"Лаборатория студенческого театра МИЭМ";"Театр";"Северный административный округ";"район Беговой";"Ленинградский пр-т, д.17";"";"";"(499) 502 88 67";"";"";"";"";"";"";"";"";"";"37.570733";"55.781965";"85988043";
202;"Театр";"Стрела";"Театр";"Значения отсутствуют в справочнике";"Значения отсутствуют в справочнике";"МО, г. Жуковский, ул. Кирова, д.3";"";"";"(495) 556 57 72";"";"";"";"";"";"";"";"";"";"37.995718";"55.666244";"85988044";
203;"Театр";"Русский терем";"Театр";"Центральный административный округ";"район Якиманка";"ул. Житная, д.6";"";"";"(926) 380 53 03";"";"russterem@inbox.ru";"";"";"teremru.ru";"";"";"";"";"37.620544";"55.730525";"85988045";
204;"Театр";"Честный театр «Рупор»";"Театр";"Северо-Западный административный округ";"район Щукино";"ул. Рогова, д.1";"";"";"(967) 120 97 17, (925) 030 56 93";"";"teatr-rupor@mail.ru";"";"";"";"";"";"";"";"37.464125";"55.795258";"85988046";
205;"Театр";"Студия-69";"Театр";"Северо-Восточный административный округ";"Бабушкинский район";"ул. Верхоянская, д.6, корп. 1";"";"";"(495) 470 03 10";"";"studio-69@mail.ru";"";"";"teatr.obrazec.ru";"";"";"";"";"37.669573";"55.858475";"85988047";
206;"Театр";"Фигаро";"Театр";"Центральный административный округ";"Басманный район";"Лубянский пр., д.3/6";"";"";"(903) 152 05 97";"";"barkeev@rambler.ru";"";"";"teatrmarionetok1.narod.ru";"";"";"";"";"37.629014";"55.759331";"85988048";
207;"Театр";"Арт-компания";"Театр";"Северный административный округ";"район Сокол";"цл. Дубосековская, д.8";"";"";"(925) 816 39 91";"";"";"";"";"";"";"";"";"";"37.498637";"55.811448";"85988049";
208;"Театр";"Театр живой анимации";"Театр";"Центральный административный округ";"Пресненский район";"ул. Большая Никитская, д.53";"";"";"(495) 785 61 95";"";"mazina@antipod-group.ru";"";"";"liveanimation.ru";"";"";"";"";"37.587764";"55.75797";"85988050";
209;"Театр";"Я сам артист";"Театр";"Южный административный округ";"Донской район";"Севастопольский пр-т, д.5, корп. 3";"";"";"(495) 123 03 11";"";"";"";"";"";"";"";"";"";"37.612987";"55.691118";"85978576";
210;"Театр";"Театр-группа «Поиск предмета»";"Театр";"Центральный административный округ";"район Хамовники";"Смоленская-Сенная пл., д.27/29, стр. 7";"";"";"(906) 719 21 70";"";"chapa@theatre.ru";"";"";"poisk.theatre.ru";"";"";"";"";"37.581603";"55.744803";"85978577";
211;"Театр";"Польский театр п/р Евгения Лавренчука";"Театр";"Восточный административный округ";"район Сокольники";"ул. Стромынка, д.6";"";"";"(499) 268 00 71";"";"info@ptwm.ru";"";"";"ptwm.ru";"";"";"";"";"37.687272";"55.79124";"85978578";
212;"Театр";"Прямой эфир";"Театр";"Центральный административный округ";"Таганский район";"ул. Александра Солженицына, д.9а";"";"";"(915) 491 64 26, (926) 111 46 01";"";"info@acclamation.ru";"";"";"acclamation.ru";"";"";"";"";"37.656553";"55.743027";"85978579";
213;"Театр";"Город N";"Театр";"Центральный административный округ";"Тверской район";"Петровские линии, д.1";"";"";"(903) 123 63 70";"";"";"";"";"teatr-n.ucoz.org";"";"";"";"";"37.617663";"55.764178";"85978580";
214;"Театр";"Театр песни «Собеседник»";"Театр";"Северо-Восточный административный округ";"Останкинский район";"пр-т Мира, д.119";"";"";"(905) 785 35 50";"";"";"";"";"tp-sobesednik.com";"";"";"";"";"37.633697";"55.828672";"85978581";
215;"Театр";"Театр юных москвичей";"Театр";"Юго-Западный административный округ";"Гагаринский район";"ул. Косыгина, д.17";"";"";"(495) 939 88 59";"";"";"";"";"tum-theatre.ru";"";"";"";"";"37.554434";"55.703006";"85978582";
216;"Театр";"Театральная студия «Арт-стиль»";"Театр";"Центральный административный округ";"Таганский район";"ул. Библиотечная, д.23";"";"";"(495) 784 30 80";"";"bugulov1971@mail.ru";"";"";"uverenost.ru";"";"";"";"";"37.675486";"55.744885";"85978583";
217;"Театр";"Ибрус";"Театр";"Центральный административный округ";"Пресненский район";"ул. Дружинниковская, д.15, стр. 1";"";"";"(499) 255 94 98, 255 90 60";"";"ibrus@yandex.ru, gverevkina@mail.ru";"";"";"rustam-ibragimbekov.ru";"";"";"";"";"37.575252";"55.759668";"85978584";
218;"Театр";"Студенческий театр ИСИ";"Театр";"Западный административный округ";"район Филёвский Парк";"ул. Новозаводская, д.27а";"";"";"(495) 749 83 80, 749 83 80";"";"";"";"";"";"";"";"";"";"37.498385";"55.750316";"85978585";
219;"Театр";"Твой театр";"Театр";"Центральный административный округ";"район Якиманка";"ул. Большая Полянка, д.50/1";"";"";"(909) 976 94 07";"";"mail@kornichenko.ru";"";"";"kornichenko.ru";"";"";"";"";"37.619665";"55.732119";"85978586";
220;"Театр";"Театр, которого нет";"Театр";"Центральный административный округ";"Мещанский район";"ул. Щепкина, д.47, стр. 2";"";"";"(916) 661 05 00";"";"teatrkotorogonet@mail.ru";"";"";"teatrkotorogonet.ru";"";"";"";"";"37.629065";"55.781664";"85978587";
221;"Театр";"Лианозовский театр";"Театр";"Северо-Восточный административный округ";"район Лианозово";"ул. Абрамцевская, д.9, корп. 1";"";"";"(499) 908 01 13";"";"egorova.ND@mail.ru";"";"";"lia-teatr.ru";"";"";"";"";"37.572142";"55.904096";"85978588";
222;"Театр";"Арт-турне";"Театр";"Центральный административный округ";"Таганский район";"Нижний Таганский тупик, д.3";"";"";"(495) 507 15 64, (903) 004 65 65";"";"info@artturne.ru";"";"";"artturne.ru";"";"";"";"";"37.65195";"55.744452";"85978589";
223;"Театр";"Россия";"Театр";"Центральный административный округ";"Тверской район";"Пушкинская пл., д.2";"";"";"(495) 788 46 46";"";"ofis@stage-entertainment.ru";"";"";"stage-musical.ru";"";"";"";"";"37.607422";"55.766201";"85978590";
224;"Театр";"Театральный особняк";"Театр";"Центральный административный округ";"Таганский район";"ул. Библиотечная, д.23";"";"";"(495) 678 40 29";"";"info@teatrosobnyak.ru";"";"";"teatrosobnyak.ru";"";"";"";"";"37.675486";"55.744885";"85978546";
225;"Театр";"Международная Чеховская лаборатория";"Театр";"Центральный административный округ";"Таганский район";"ул. Библиотечная, д.23";"";"";"(910) 401 72 50";"";"vgoultchenko@mtu-net.ru";"";"";"my.opera.com/militsky/albums/, kino-teatr.ruteatr/51/";"";"";"";"";"37.675486";"55.744885";"85978547";
226;"Театр";"Домашний театр в доме Щепкина";"Театр";"Центральный административный округ";"Мещанский район";"ул. Щепкина, д.47, стр. 2";"";"";"(495) 600 61 49";"";"";"";"";"gctm.ru";"";"";"";"";"37.629065";"55.781664";"85978548";
227;"Театр";"Театр Российской армии";"Театр";"Центральный административный округ";"Мещанский район";"Суворовская пл., д.2";"";"";"(495) 681 15 84, 681 21 10, 681 51 20";"";"gactk@mail.ru";"";"";"catra.su";"";"";"";"";"37.613863";"55.782789";"85978549";
228;"Театр";"Театр кукол им. Образцова";"Театр";"Центральный административный округ";"Тверской район";"ул. Садовая-Самотечная, д.3";"";"";"(495) 699 53 73, 699 33 10";"";"gactk@mail.ru";"";"";"puppet.ru";"";"";"";"";"37.614375";"55.774188";"85978550";
229;"Театр";"Студия Soundrama";"Театр";"Центральный административный округ";"Тверской район";"ул. Самотечная, д.17а";"";"";"(495) 600 69 92";"";"management@soundrama.ru";"";"";"soundrama.ru";"";"";"";"";"37.615723";"55.779959";"85978552";
230;"Театр";"Театр для всей семьи «Семицветик»";"Театр";"Северный административный округ";"Тимирязевский район";"ул. Тимирязевская, д.10/12";"";"";"(495) 764 52 90";"";"info@teatr-skazki.ru, admin@teatr-skazki.ru";"";"";"teatr-skazki.ru";"";"";"";"";"37.568384";"55.81217";"85978553";
231;"Театр";"Арлекин";"Театр";"Северо-Восточный административный округ";"Алексеевский район";"ул. Новоалексеевская, д.8";"";"";"(495) 997 81 96, 979 63 96";"";"main@arlekintheatre.com";"";"";"arlekintheatre.com";"";"";"";"";"37.643518";"55.807613";"85978554";
232;"Театр";"Малый драматический театр на Большой Серпуховской";"Театр";"Центральный административный округ";"район Замоскворечье";"ул. Большая Серпуховская, д.44";"";"";"(495) 775 98 41";"";"mdteatr.ceo@gmail.com";"";"";"vk.com/mdteatr, mdteatr.ru";"";"";"";"";"37.626587";"55.722766";"85978555";
233;"Театр";"Театр наций";"Театр";"Центральный административный округ";"Тверской район";"Петровский пер., д.3";"";"";"(495) 629 37 39, 629 53 97";"";"info@tofnations.ru";"";"";"theatreofnations.ru";"";"";"";"";"37.612809";"55.765896";"85978556";
234;"Театр";"Театр им. Наталии Сац";"Театр";"Юго-Западный административный округ";"Гагаринский район";"пр-т Вернадского, д.5";"";"";"(495) 930 70 21, 930 51 77";"";"marketing@teatr-sats.ru";"";"";"teatr-sats.ru";"";"";"";"";"37.544381";"55.69637";"85978557";
235;"Театр";"Старый Арбат";"Театр";"Центральный административный округ";"район Арбат";"Филипповский пер., д.11, стр. 2";"";"";"(495) 691 21 56";"";"old-arbat@yandex.ru";"";"";"old-arbat.narod.ru";"";"";"";"";"37.598282";"55.749577";"85978558";
236;"Театр";"Театр Кирилла Королева";"Театр";"Центральный административный округ";"Басманный район";"Семеновская наб., д.3/1, корп. 5";"";"";"(499) 148 12 56, (495) 442 35 37, (916) 351 86 02";"";"mtkk@mail.ru";"";"";"mtkk.ru";"";"";"";"";"37.704824";"55.779096";"85978559";
237;"Театр";"Без вывески";"Театр";"Северный административный округ";"район Коптево";"ул. Зои и Александра Космодемьянских, д.31, корп. 2";"";"";"(495) 159 98 83";"";"bez_vyveski@mail.ru";"";"";"bez-vyveski.ru";"";"";"";"";"37.522689";"55.824764";"85978560";
238;"Театр";"ГБУК Государственный академический малый театр России";"Театр";"Центральный административный округ";"Тверской район";"Театральная пл., д.1/6";"";"";"(495) 623-13-14, (495) 625-98-68";"";"";"";"";"";"";"";"";"";"37.618645";"55.75999";"85988065";
239;"Театр";"ГБУК КЗ им. П.И. Чайковского";"Театр";"Центральный административный округ";"Тверской район";"ул. Тверская, д.31";"";"";"(495) 699-49-81, (495) 694-58-22";"";"";"";"";"";"";"";"";"";"37.596002";"55.768888";"85988066";
240;"Театр";"ГАУК Московской области «Московский областной государственный театр кукол»";"Театр";"Центральный административный округ";"Таганский район";"Пестовский пер., д.2";"";"";"(495) 915-79-22, (495) 915-54-33";"";"";"";"";"";"";"";"";"";"37.659654";"55.745308";"85988067";
241;"Театр";"Дом-музей Ф.И. Шаляпина";"Театр";"Центральный административный округ";"Пресненский район";"Новинский б-р, д.25";"";"";"(495) 605-62-36";"";"Shalyapin.museum@gmail.com";"";"";"shalyapin-museum.org";"";"";"";"";"37.581118";"55.757022";"85988068";
